上位のページ,過去 3 か月間 クリック数,過去 3 か月間 クリック数,過去 3 か月間 表示回数,過去 3 か月間 表示回数,過去 3 か月間 CTR,過去 3 か月間 CTR,過去 3 か月間 掲載順位,過去 3 か月間 掲載順位
https://kaijo-fishing.com/fishing-facility/itoman-ikada-tsurigu-no-zousan/,199,0,1364,1,14.59%,0%,6.69,9
https://kaijo-fishing.com/fishing-facility/shibushi-bay-daikoku-dolphin-land/,131,0,993,0,13.19%,0%,5.41,0
https://kaijo-fishing.com/fishing-facility/himeji-city-fishing-center/,100,0,1092,0,9.16%,0%,3.8,0
https://kaijo-fishing.com/column/ranking/kansai/,91,5,1299,56,7.01%,8.93%,12.19,18.55
https://kaijo-fishing.com/blog/itoman-ikada-tsurigu-no-zousan/,89,38,523,563,17.02%,6.75%,5.18,8.7
https://kaijo-fishing.com/fishing-facility/sea-fishing-park-mikata/,71,1,1011,62,7.02%,1.61%,6.29,9.05
https://kaijo-fishing.com/fishing-facility/maizuru-shinkai-park/,59,0,1159,0,5.09%,0%,7.88,0
https://kaijo-fishing.com/fishing-facility/nanko-fishing-park/,55,4,1867,73,2.95%,5.48%,10.39,15.32
https://kaijo-fishing.com/blog/shibushi-bay-daikoku-dolphin-land/,52,37,431,354,12.06%,10.45%,6.64,7.06
https://kaijo-fishing.com/fishing-facility/yuharai-pond/,50,0,577,0,8.67%,0%,8.86,0
https://kaijo-fishing.com/blog/himeji-city-fishing-center/,48,33,463,372,10.37%,8.87%,4.85,6.46
https://kaijo-fishing.com/column/travel/september-silver-week-quiet-spots-guide/,34,0,516,14,6.59%,0%,6.87,11.71
https://kaijo-fishing.com/column/trivia/tsuyu-rainy-day-strategy/,32,0,663,2,4.83%,0%,6.76,13
https://kaijo-fishing.com/column/travel/fish-shipping-guide/,31,0,945,0,3.28%,0%,8.19,0
https://kaijo-fishing.com/fishing-facility/seapark-nyu/,31,0,388,2,7.99%,0%,12.85,7
https://kaijo-fishing.com/blog/yuharai-pond/,31,33,250,262,12.4%,12.6%,7.03,7.82
https://kaijo-fishing.com/blog/waita-sea-fishing-pier/,29,6,540,145,5.37%,4.14%,9,9.83
https://kaijo-fishing.com/blog/kashikojima-fishing-park-kaiyuen/,27,5,294,68,9.18%,7.35%,9.74,11.69
https://kaijo-fishing.com/fishing-facility/sendai-port-central-park-sea-square/,26,0,870,0,2.99%,0%,9.62,0
https://kaijo-fishing.com/column/ranking/chugoku-shikoku/,25,3,437,55,5.72%,5.45%,10.12,14.02
https://kaijo-fishing.com/column/travel/cooler-box-guide/,25,0,325,0,7.69%,0%,7.88,0
https://kaijo-fishing.com/blog/nanko-fishing-park/,23,31,961,1125,2.39%,2.76%,8.96,11.63
https://kaijo-fishing.com/fishing-facility/waita-sea-fishing-pier/,22,0,597,4,3.69%,0%,10.18,9.75
https://kaijo-fishing.com/tactics/fish-strategy/suzuki/intermediate/,22,0,362,0,6.08%,0%,8.23,0
https://kaijo-fishing.com/fishing-facility/tsuruga-city-sea-fishing-park/,22,2,362,29,6.08%,6.9%,9.19,12.62
https://kaijo-fishing.com/blog/mukai-pearl-marine/,21,6,537,337,3.91%,1.78%,8.45,9.61
https://kaijo-fishing.com/blog/maizuru-shinkai-park/,21,8,431,259,4.87%,3.09%,10.54,11.43
https://kaijo-fishing.com/fishing-facility/kamoike-sea-fishing-park/,20,0,640,0,3.12%,0%,12,0
https://kaijo-fishing.com/tactics/gear/harris-importance/,20,0,575,0,3.48%,0%,8.45,0
https://kaijo-fishing.com/fishing-facility/umizuri-port-tajiri/,20,1,418,12,4.78%,8.33%,15.11,3.5
https://kaijo-fishing.com/column/trivia/seat-selection-strategy/,20,5,241,53,8.3%,9.43%,6.26,4.92
https://kaijo-fishing.com/fishing-facility/center-japan/,20,5,239,87,8.37%,5.75%,10.63,9.92
https://kaijo-fishing.com/column/trivia/summer-heat-fishing-tips/,20,0,172,5,11.63%,0%,8.31,7.8
https://kaijo-fishing.com/blog/sendai-port-central-park-sea-square/,19,6,475,196,4%,3.06%,8.06,9.56
https://kaijo-fishing.com/fishing-facility/yura-marine-fishing-pond/,19,0,475,0,4%,0%,10.41,0
https://kaijo-fishing.com/blog/column/ranking/kansai/,19,6,240,78,7.92%,7.69%,11.97,14.69
https://kaijo-fishing.com/tactics/fish-strategy/madai/theory/,18,0,652,0,2.76%,0%,7.61,0
https://kaijo-fishing.com/fishing-facility/east-japan/miyagi/,18,4,465,47,3.87%,8.51%,16.99,17.77
https://kaijo-fishing.com/fishing-facility/east-japan/,17,13,697,743,2.44%,1.75%,11.5,11.55
https://kaijo-fishing.com/blog/kamoike-sea-fishing-park/,17,12,353,235,4.82%,5.11%,10.6,13.63
https://kaijo-fishing.com/fishing-facility/wakayama-marinacity-fishing-park/,16,1,570,10,2.81%,10%,15.04,27.6
https://kaijo-fishing.com/blog/ugata-hamatsuri-center/,16,1,299,28,5.35%,3.57%,7.84,8.29
https://kaijo-fishing.com/tactics/fish-strategy/kanpachi/,16,1,240,50,6.67%,2%,7.28,7.78
https://kaijo-fishing.com/blog/seapark-nyu/,16,14,210,158,7.62%,8.86%,12.68,13.56
https://kaijo-fishing.com/tactics/gear/knot-strength-test/,16,5,178,35,8.99%,14.29%,10.76,11.09
https://kaijo-fishing.com/fishing-facility/totto-park-koshima/,15,1,1249,114,1.2%,0.88%,10.64,12.24
https://kaijo-fishing.com/fishing-facility/family-tsuribori-tsutteminde/,15,1,785,77,1.91%,1.3%,10.25,10.21
https://kaijo-fishing.com/blog/umizuri-port-tajiri/,15,16,326,239,4.6%,6.69%,11.66,8.18
https://kaijo-fishing.com/blog/wakayama-marinacity-fishing-park/,15,6,266,143,5.64%,4.2%,12.91,21.13
https://kaijo-fishing.com/column/trivia/myaku-fishing-vs-uki/,15,3,253,38,5.93%,7.89%,13.61,8.03
https://kaijo-fishing.com/blog/fishing-bridge-akasaki/,15,3,225,57,6.67%,5.26%,8.04,8.65
https://kaijo-fishing.com/fishing-facility/wakasa-takahama-sea-fishing-park/,15,0,139,0,10.79%,0%,15.5,0
https://kaijo-fishing.com/fishing-facility/asamushi-sea-fishing-park/,14,1,406,50,3.45%,2%,12.58,14.86
https://kaijo-fishing.com/fishing-facility/hiruga-sea-fishing-pond/,14,1,231,56,6.06%,1.79%,18.29,10
https://kaijo-fishing.com/column/trivia/typhoon-closure-guide/,14,1,190,3,7.37%,33.33%,4.69,2.67
https://kaijo-fishing.com/fishing-facility/kashikojima-fishing-park-kaiyuen/,14,0,188,29,7.45%,0%,17.32,23.86
https://kaijo-fishing.com/fishing-facility/raft-fishing-takahashi/,13,0,233,0,5.58%,0%,8.3,0
https://kaijo-fishing.com/blog/wakasa-takahama-sea-fishing-park/,13,2,120,14,10.83%,14.29%,12.42,13.43
https://kaijo-fishing.com/tactics/fish-strategy/chinu/gourmet/,12,0,494,0,2.43%,0%,8.62,0
https://kaijo-fishing.com/blog/asamushi-sea-fishing-park/,12,1,363,94,3.31%,1.06%,12.87,9.85
https://kaijo-fishing.com/tactics/gear/,12,2,142,15,8.45%,13.33%,16.99,12.07
https://kaijo-fishing.com/blog/shimanami-kaido-fishing-park/,12,1,102,14,11.76%,7.14%,9.54,11.21
https://kaijo-fishing.com/blog/shodoshima-furusatomura-fishing-pier/,12,7,95,48,12.63%,14.58%,6.94,7.85
https://kaijo-fishing.com/blog/shinmaiko-marine-park-fishing/,11,4,495,88,2.22%,4.55%,10.22,11.23
https://kaijo-fishing.com/blog/yura-marine-fishing-pond/,11,5,203,92,5.42%,5.43%,9.72,13.34
https://kaijo-fishing.com/fishing-facility/sea-fishing-land/,11,1,159,11,6.92%,9.09%,10.96,10.36
https://kaijo-fishing.com/blog/family-tsuribori-tsutteminde/,10,10,524,385,1.91%,2.6%,9.18,10.92
https://kaijo-fishing.com/fishing-facility/yura-sea-fishing-park/,10,1,271,32,3.69%,3.12%,13.76,11
https://kaijo-fishing.com/fishing-facility/hiake-kaikyo-fishing-park/,10,0,155,27,6.45%,0%,7.51,9.78
https://kaijo-fishing.com/tactics/fish-strategy/shimaji/theory/,10,1,112,17,8.93%,5.88%,7.65,9.12
https://kaijo-fishing.com/blog/raft-fishing-takahashi/,10,4,101,26,9.9%,15.38%,9.41,8.38
https://kaijo-fishing.com/fishing-facility/fukuoka-city-sea-fishing-park/,9,0,540,32,1.67%,0%,21,16.06
https://kaijo-fishing.com/fishing-facility/kariyawan-fishing-center/,9,0,244,0,3.69%,0%,16.31,0
https://kaijo-fishing.com/fishing-facility/fishing-park-toi/,9,0,166,0,5.42%,0%,10.08,0
https://kaijo-fishing.com/column/ranking/nihonkai-hokuriku/,9,2,117,16,7.69%,12.5%,16.79,26.31
https://kaijo-fishing.com/column/trivia/sashimi-value-comparison/,9,0,79,3,11.39%,0%,5.62,7
https://kaijo-fishing.com/blog/kaijo-tsuribori-at-sea/,8,10,824,423,0.97%,2.36%,10.07,11.33
https://kaijo-fishing.com/fishing-facility/kaijo-tsuribori-kaiyu/,8,1,742,26,1.08%,3.85%,9.62,7.77
https://kaijo-fishing.com/fishing-facility/mukai-pearl-marine/,8,0,432,9,1.85%,0%,9.69,20.44
https://kaijo-fishing.com/tactics/fish-strategy/shimaji/,8,4,331,139,2.42%,2.88%,8.7,8.39
https://kaijo-fishing.com/blog/sea-fishing-land/,8,0,233,18,3.43%,0%,11.09,10.28
https://kaijo-fishing.com/blog/matsunase-fishing-park/,8,6,170,160,4.71%,3.75%,14.16,15.71
https://kaijo-fishing.com/fishing-facility/naoshima-fishing-park/,8,1,154,9,5.19%,11.11%,12.1,20.56
https://kaijo-fishing.com/blog/kaijo-tsuribori-opa/,8,1,136,16,5.88%,6.25%,7.57,9.38
https://kaijo-fishing.com/blog/yura-sea-fishing-park/,8,3,107,82,7.48%,3.66%,15.77,21.46
https://kaijo-fishing.com/blog/isaki/,8,6,88,48,9.09%,12.5%,8.24,10.15
https://kaijo-fishing.com/column/trivia/rental-tackle-honest-review/,8,1,68,31,11.76%,3.23%,6.4,8.81
https://kaijo-fishing.com/blog/obama-city-fishing-coop-raft/,8,7,56,118,14.29%,5.93%,7.79,14.51
https://kaijo-fishing.com/fishing-facility/kaijo-tsuribori-at-sea/,7,0,345,17,2.03%,0%,11.09,10.53
https://kaijo-fishing.com/fishing-facility/west-japan/,7,5,279,344,2.51%,1.45%,25.13,11.5
https://kaijo-fishing.com/column/trivia/tana-basics/,7,7,210,75,3.33%,9.33%,7.05,8.61
https://kaijo-fishing.com/blog/kakata-fishing-pond/,7,0,204,21,3.43%,0%,10.17,9.38
https://kaijo-fishing.com/blog/naoshima-fishing-park/,7,3,175,70,4%,4.29%,10.26,10.6
https://kaijo-fishing.com/fishing-facility/fishing-park-sasukeya/,7,0,164,2,4.27%,0%,18.3,8.5
https://kaijo-fishing.com/fishing-facility/naize-fishing-center/,7,0,162,18,4.32%,0%,9.54,8.94
https://kaijo-fishing.com/blog/takashima-tobishima-isotsuri-park/,7,7,160,144,4.38%,4.86%,11.96,13.44
https://kaijo-fishing.com/fishing-facility/obama-city-fishing-coop-raft/,7,0,150,12,4.67%,0%,13.85,9.67
https://kaijo-fishing.com/fishing-facility/hamabe-tosen-kaijo-tsuribori/,7,0,124,0,5.65%,0%,9.27,0
https://kaijo-fishing.com/blog/column/travel/june-all-weather-facilities/,7,1,82,20,8.54%,5%,8.67,6.65
https://kaijo-fishing.com/tactics/fish-strategy/buri/,7,0,51,21,13.73%,0%,8.82,10.14
https://kaijo-fishing.com/column/travel/oita-saganoseki-trip/,7,0,49,22,14.29%,0%,9.63,14.45
https://kaijo-fishing.com/blog/shinojima-tsuri-tengoku/,6,3,305,205,1.97%,1.46%,10.94,13.77
https://kaijo-fishing.com/blog/tactics/gear/harris-importance/,6,8,183,188,3.28%,4.26%,10.89,11.21
https://kaijo-fishing.com/fishing-facility/marusui-kaisan/,6,0,170,14,3.53%,0%,11.28,7.64
https://kaijo-fishing.com/fishing-facility/takashima-tobishima-isotsuri-park/,6,0,165,0,3.64%,0%,17.27,0
https://kaijo-fishing.com/blog/ishidai-strategy/,6,3,153,42,3.92%,7.14%,9,10.74
https://kaijo-fishing.com/fishing-facility/ugata-hamatsuri-center/,6,0,148,0,4.05%,0%,10.2,0
https://kaijo-fishing.com/blog/ikadatsuri-tokai/,6,1,136,63,4.41%,1.59%,10.51,11.4
https://kaijo-fishing.com/tactics/fish-strategy/hiramasa/advanced/,6,0,113,0,5.31%,0%,8.78,0
https://kaijo-fishing.com/tactics/fish-strategy/isaki/,6,0,105,35,5.71%,0%,7.6,9.23
https://kaijo-fishing.com/,6,5,84,64,7.14%,7.81%,5.26,7.02
https://kaijo-fishing.com/tactics/fish-strategy/suzuki/,6,0,78,0,7.69%,0%,19.37,0
https://kaijo-fishing.com/fishing-facility/ousatsu-sea-fishing-center/,6,0,68,0,8.82%,0%,10.85,0
https://kaijo-fishing.com/blog/ousatsu-sea-fishing-center/,6,6,66,47,9.09%,12.77%,8.53,9.66
https://kaijo-fishing.com/fishing-facility/tomakomai-port-sea-fishing-facility/,5,0,406,0,1.23%,0%,13.83,0
https://kaijo-fishing.com/tactics/beginner/tide-basics/,5,1,328,18,1.52%,5.56%,15.19,14.5
https://kaijo-fishing.com/blog/totto-park-koshima/,5,1,311,101,1.61%,0.99%,8.08,13.52
https://kaijo-fishing.com/fishing-facility/fishing-park-hikari/,5,0,231,5,2.16%,0%,13.95,24.2
https://kaijo-fishing.com/column/trivia/hook-size-science/,5,0,219,11,2.28%,0%,10.34,8.55
https://kaijo-fishing.com/fishing-facility/fishing-land-hyuga/,5,0,215,19,2.33%,0%,13.33,17.84
https://kaijo-fishing.com/fishing-facility/,5,1,190,85,2.63%,1.18%,17.33,16.33
https://kaijo-fishing.com/blog/kariyawan-fishing-center/,5,13,187,170,2.67%,7.65%,18.16,15.79
https://kaijo-fishing.com/fishing-facility/west-japan/kagoshima/,5,0,165,0,3.03%,0%,23.68,0
https://kaijo-fishing.com/fishing-facility/anatani-aitai-fishing/,5,0,153,19,3.27%,0%,8.25,10.26
https://kaijo-fishing.com/fishing-facility/fishing-bridge-akasaki/,5,0,133,5,3.76%,0%,9.07,11.4
https://kaijo-fishing.com/blog/tsuruga-city-sea-fishing-park/,5,3,105,127,4.76%,2.36%,7.88,10.24
https://kaijo-fishing.com/blog/cost-calculation-guide/,5,0,89,27,5.62%,0%,5.65,9.74
https://kaijo-fishing.com/column/trivia/october-best-season-tsunuke-guide/,5,0,68,2,7.35%,0%,5.47,23
https://kaijo-fishing.com/column/travel/august-summer-release-facilities/,5,0,47,8,10.64%,0%,6.4,6.88
https://kaijo-fishing.com/tactics/fish-strategy/suzuki/advanced/,4,0,244,0,1.64%,0%,8.31,0
https://kaijo-fishing.com/fishing-facility/tsuri-ikada-fukaura/,4,4,237,14,1.69%,28.57%,10.21,12.14
https://kaijo-fishing.com/fishing-facility/kaijo-tsuribori-misaki/,4,0,208,0,1.92%,0%,18.03,0
https://kaijo-fishing.com/fishing-facility/jumbo-fishing-mura/,4,0,201,12,1.99%,0%,24.31,30.42
https://kaijo-fishing.com/blog/tsuri-ikada-fukaura/,4,16,174,250,2.3%,6.4%,8.97,9.26
https://kaijo-fishing.com/fishing-facility/west-japan/kumamoto/,4,0,166,12,2.41%,0%,18.51,37.58
https://kaijo-fishing.com/fishing-facility/original-maker-sea-fishing-park/,4,0,131,0,3.05%,0%,14.22,0
https://kaijo-fishing.com/column/trivia/july-night-fishing-bluefish-guide/,4,0,114,23,3.51%,0%,10.41,12.52
https://kaijo-fishing.com/fishing-facility/akaguri-sea-fishing-park/,4,1,109,16,3.67%,6.25%,10.22,18.12
https://kaijo-fishing.com/fishing-facility/kaijo-tsuribori-taikoubou/,4,2,104,20,3.85%,10%,22.32,17
https://kaijo-fishing.com/blog/column/trivia/how-to-cook-kampachi/,4,4,92,68,4.35%,5.88%,8.83,11.78
https://kaijo-fishing.com/blog/araibenten-sea-fishing-park/,4,2,90,88,4.44%,2.27%,10.46,24.77
https://kaijo-fishing.com/column/travel/may-toshijima-toba-trip/,4,2,84,8,4.76%,25%,15.14,9.38
https://kaijo-fishing.com/tactics/fish-strategy/ishidai/theory/,4,0,78,52,5.13%,0%,5.94,7.5
https://kaijo-fishing.com/blog/tactics/beginner/bait-guide/,4,0,78,7,5.13%,0%,9.77,11
https://kaijo-fishing.com/blog/hiruga-sea-fishing-pond/,4,5,75,113,5.33%,4.42%,15.55,16
https://kaijo-fishing.com/tactics/fish-strategy/kue/,4,1,70,69,5.71%,1.45%,9.33,8.61
https://kaijo-fishing.com/blog/column/trivia/tsuyu-rainy-day-strategy/,4,6,69,98,5.8%,6.12%,7.36,8.74
https://kaijo-fishing.com/blog/susawan-fishing-park/,4,1,43,13,9.3%,7.69%,7.88,8
https://kaijo-fishing.com/column/travel/hamanako-unagi-trip/,4,1,39,11,10.26%,9.09%,11.69,7.45
https://kaijo-fishing.com/tactics/fish-strategy/kue/intermediate/,4,0,18,0,22.22%,0%,4.83,0
https://kaijo-fishing.com/blog/fishing-facility/east-japan/,3,2,310,27,0.97%,7.41%,31.2,12.52
https://kaijo-fishing.com/fishing-facility/umingu-oshima/,3,0,178,7,1.69%,0%,24.67,45.57
https://kaijo-fishing.com/blog/tsuribori-kishu/,3,1,143,25,2.1%,4%,10.64,8.32
https://kaijo-fishing.com/blog/tomakomai-port-sea-fishing-facility/,3,1,141,40,2.13%,2.5%,12.16,16.48
https://kaijo-fishing.com/blog/miyazu-city-marine-fishing-park/,3,1,139,22,2.16%,4.55%,12.4,12.32
https://kaijo-fishing.com/blog/fishing-park-sasukeya/,3,8,133,210,2.26%,3.81%,12.23,14.21
https://kaijo-fishing.com/fishing-facility/center-japan/niigata/,3,0,116,23,2.59%,0%,26.57,37.57
https://kaijo-fishing.com/fishing-facility/west-japan/hiroshima/,3,0,103,21,2.91%,0%,12.53,21
https://kaijo-fishing.com/fishing-facility/suma-sea-fishing-park/,3,0,95,14,3.16%,0%,8.86,15.07
https://kaijo-fishing.com/blog/fishing-park-hikari/,3,0,88,22,3.41%,0%,10.92,10.23
https://kaijo-fishing.com/fishing-facility/kaijo-tsuribori-opa/,3,0,85,7,3.53%,0%,7.84,9.14
https://kaijo-fishing.com/tactics/fish-strategy/,3,2,85,23,3.53%,8.7%,11.49,12.35
https://kaijo-fishing.com/blog/kaijo-tsuribori-tairyomaru/,3,1,82,41,3.66%,2.44%,13.09,16.29
https://kaijo-fishing.com/blog/anatani-aitai-fishing/,3,4,71,65,4.23%,6.15%,8.93,8.91
https://kaijo-fishing.com/column/trivia/fish-pressure-mechanism/,3,0,67,11,4.48%,0%,9.81,2.91
https://kaijo-fishing.com/blog/kanpachi-strategy/,3,1,60,15,5%,6.67%,9.17,8.07
https://kaijo-fishing.com/fishing-facility/susawan-fishing-park/,3,5,58,37,5.17%,13.51%,13.09,12.62
https://kaijo-fishing.com/tactics/fish-strategy/ishidai/advanced/,3,0,57,0,5.26%,0%,11.49,0
https://kaijo-fishing.com/fishing-facility/center-japan/fukui/,3,0,53,9,5.66%,0%,17.57,27.78
https://kaijo-fishing.com/fishing-facility/fishing-park-toi,3,0,51,0,5.88%,0%,12.86,0
https://kaijo-fishing.com/blog/ishida-fisherina/,3,0,48,13,6.25%,0%,8.88,11.08
https://kaijo-fishing.com/blog/tactics/gear/uki-setup/,3,2,48,26,6.25%,7.69%,11.12,16.5
https://kaijo-fishing.com/fishing-facility/sea-fishing-pond-kaikei/,3,0,47,19,6.38%,0%,6.09,7.89
https://kaijo-fishing.com/fishing-facility/east-japan/hokkaido/,3,0,46,19,6.52%,0%,20.15,21.89
https://kaijo-fishing.com/blog/shinkamigoto-sea-fishing-pond/,3,4,44,52,6.82%,7.69%,9.8,8.33
https://kaijo-fishing.com/tactics/fish-strategy/kue/theory/,3,0,39,0,7.69%,0%,7.41,0
https://kaijo-fishing.com/blog/saikakizaki-seapark/,3,2,38,61,7.89%,3.28%,10.21,17.07
https://kaijo-fishing.com/blog/kaijo-tsuribori-taikoubou/,3,1,35,15,8.57%,6.67%,12,21.07
https://kaijo-fishing.com/blog/futomi-flower-isotsuri-center/,3,1,33,65,9.09%,1.54%,8.55,12.78
https://kaijo-fishing.com/column/trivia/morning-vs-afternoon-battle/,3,0,25,1,12%,0%,7.76,10
https://kaijo-fishing.com/blog/original-maker-sea-fishing-park/,3,1,25,55,12%,1.82%,8.84,7.8
https://kaijo-fishing.com/tactics/gear/tackle-maintenance-care/,3,1,25,5,12%,20%,10.88,14.4
https://kaijo-fishing.com/tactics/fish-strategy/shimaji/advanced/,3,0,23,0,13.04%,0%,12.17,0
https://kaijo-fishing.com/tactics/fish-strategy/madai/,3,0,17,2,17.65%,0%,6.88,8.5
https://kaijo-fishing.com/fishing-facility/iwaki-sea-fishing-center/,3,0,17,1,17.65%,0%,9.65,12
https://kaijo-fishing.com/blog/column/trivia/july-summer-research-guide/,3,1,13,2,23.08%,50%,6.77,7
https://kaijo-fishing.com/blog/tactics/fish-strategy/hiramasa/advanced/,3,0,11,5,27.27%,0%,8.18,10.2
https://kaijo-fishing.com/blog/column/ranking/chugoku-shikoku/,3,0,9,1,33.33%,0%,7.44,18
https://kaijo-fishing.com/fishing-facility/marine-garden-leisure/,3,0,8,1,37.5%,0%,4.38,10
https://kaijo-fishing.com/fishing-facility/west-japan/osaka/,2,0,485,173,0.41%,0%,35.13,39.32
https://kaijo-fishing.com/blog/kaijo-tsuribori-kaiyu/,2,3,333,126,0.6%,2.38%,8.87,11.79
https://kaijo-fishing.com/fishing-facility/shinojima-tsuri-tengoku/,2,0,298,3,0.67%,0%,10.93,8.67
https://kaijo-fishing.com/tactics/fish-strategy/chinu/theory/,2,0,267,0,0.75%,0%,8.06,0
https://kaijo-fishing.com/fishing-facility/ikadatsuri-tokai/,2,0,258,0,0.78%,0%,15.58,0
https://kaijo-fishing.com/fishing-facility/west-japan/ehime/,2,0,235,5,0.85%,0%,25.56,49.4
https://kaijo-fishing.com/fishing-facility/shimonoseki-fishing-park/,2,0,219,23,0.91%,0%,18.76,11.91
https://kaijo-fishing.com/column/trivia/july-sea-temperature-lag-guide/,2,0,217,27,0.92%,0%,7.73,7.78
https://kaijo-fishing.com/column/trivia/rainy-day-fishing-truth/,2,0,162,29,1.23%,0%,8.44,9.66
https://kaijo-fishing.com/blog/saltlake-hiketa-adoike/,2,0,146,108,1.37%,0%,23.99,34.71
https://kaijo-fishing.com/column/trivia/fish-freezing-method/,2,1,134,18,1.49%,5.56%,10.63,11.83
https://kaijo-fishing.com/blog/naoetsu-port-3rd-east-breakwater/,2,0,116,11,1.72%,0%,8.38,9.82
https://kaijo-fishing.com/blog/tactics/fish-strategy/chinu/gourmet/,2,0,112,56,1.79%,0%,7.94,9.46
https://kaijo-fishing.com/fishing-facility/saltlake-hiketa-adoike/,2,0,106,3,1.89%,0%,31.45,50.33
https://kaijo-fishing.com/blog/tsuribori-maruyo/,2,6,93,124,2.15%,4.84%,10.73,10.91
https://kaijo-fishing.com/fishing-facility/futomi-flower-isotsuri-center/,2,0,88,0,2.27%,0%,27.88,0
https://kaijo-fishing.com/blog/hasamaura-fishing-center/,2,4,87,70,2.3%,5.71%,13.53,13.61
https://kaijo-fishing.com/blog/atami-port-sea-fishing-facility/,2,1,86,37,2.33%,2.7%,9.9,10.41
https://kaijo-fishing.com/column/trivia/how-to-cook-kampachi/,2,0,81,7,2.47%,0%,7.86,9.86
https://kaijo-fishing.com/blog/kaijo-tsuribori-maruya/,2,0,79,75,2.53%,0%,11.78,13.31
https://kaijo-fishing.com/column/travel/awaji-family-trip/,2,0,65,12,3.08%,0%,7.42,4.25
https://kaijo-fishing.com/fishing-facility/center-japan/shizuoka/fishing-park-toi/,2,8,63,150,3.17%,5.33%,21.19,17.87
https://kaijo-fishing.com/tactics/fish-strategy/madai/gourmet/,2,1,62,1,3.23%,100%,11.4,4
https://kaijo-fishing.com/tactics/fish-strategy/buri/theory/,2,0,60,0,3.33%,0%,9,0
https://kaijo-fishing.com/fishing-facility/shinkamigoto-sea-fishing-pond/,2,0,59,6,3.39%,0%,10.66,9.17
https://kaijo-fishing.com/column/trivia/why-fish-delicious/,2,0,58,10,3.45%,0%,8.1,6.2
https://kaijo-fishing.com/blog/jumbo-fishing-mura/,2,1,56,19,3.57%,5.26%,8.98,8.84
https://kaijo-fishing.com/fishing-facility/tsuribori-maruyo/,2,0,50,3,4%,0%,8.58,21
https://kaijo-fishing.com/tactics/beginner/bait-guide/,2,0,47,0,4.26%,0%,15.04,0
https://kaijo-fishing.com/blog/iwaki-sea-fishing-center/,2,1,43,19,4.65%,5.26%,7.7,8.26
https://kaijo-fishing.com/tactics/fish-strategy/kanpachi/strategy/,2,0,41,0,4.88%,0%,7.05,0
https://kaijo-fishing.com/fishing-facility/blue-park-ano/,2,2,39,12,5.13%,16.67%,9.77,8.17
https://kaijo-fishing.com/fishing-facility/kaijo-tsuribori-wako/,2,0,37,2,5.41%,0%,9.05,5.5
https://kaijo-fishing.com/column/trivia/tsuyu-muddy-water-rig-guide/,2,0,36,0,5.56%,0%,7.5,0
https://kaijo-fishing.com/blog/kaijo-tsuribori-yuasa/,2,4,35,98,5.71%,4.08%,8.83,11.58
https://kaijo-fishing.com/column/travel/fukui-mikata-goko/,2,0,35,2,5.71%,0%,11.31,11.5
https://kaijo-fishing.com/fishing-facility/ishida-fisherina/,2,0,34,8,5.88%,0%,9.35,23.88
https://kaijo-fishing.com/tactics/gear/myakuzuri-gear/,2,0,34,0,5.88%,0%,10.21,0
https://kaijo-fishing.com/tactics/fish-strategy/kawahagi/advanced/,2,0,30,8,6.67%,0%,9.23,15.12
https://kaijo-fishing.com/column/trivia/july-ice-management-guide/,2,0,29,20,6.9%,0%,8.24,8.1
https://kaijo-fishing.com/column/travel/access/access-kanto/,2,0,29,2,6.9%,0%,14.52,48
https://kaijo-fishing.com/blog/fishing-park-omishima/,2,4,27,114,7.41%,3.51%,10.26,21.72
https://kaijo-fishing.com/tactics/gear/myakuzuri-gear,2,1,27,39,7.41%,2.56%,19.93,35.87
https://kaijo-fishing.com/blog/tactics/fish-strategy/kue/gourmet/,2,0,26,10,7.69%,0%,8.15,19
https://kaijo-fishing.com/tactics/fish-strategy/kanpachi/theory/,2,0,25,21,8%,0%,6.44,10.52
https://kaijo-fishing.com/fishing-facility/searoad-yawatahama/,2,0,24,6,8.33%,0%,8.71,6.33
https://kaijo-fishing.com/tactics/fish-strategy/aji-asaba-kamasu/advanced/,2,0,23,0,8.7%,0%,6.35,0
https://kaijo-fishing.com/tactics/fish-strategy/chinu/,2,0,23,3,8.7%,0%,14.65,8.33
https://kaijo-fishing.com/fishing-facility/west-japan/okinawa/,2,0,23,0,8.7%,0%,20.87,0
https://kaijo-fishing.com/blog/tactics/fish-strategy/suzuki/theory/,2,0,22,8,9.09%,0%,7.59,10.12
https://kaijo-fishing.com/blog/tactics/fish-strategy/kawahagi/advanced/,2,1,21,4,9.52%,25%,9.9,19
https://kaijo-fishing.com/blog/kaijo-tsuribori-monkey/,2,0,19,9,10.53%,0%,9.16,9.44
https://kaijo-fishing.com/column/travel/access/access-kinki/,2,0,17,1,11.76%,0%,6.59,10
https://kaijo-fishing.com/blog/tactics/fish-strategy/hiramasa/,2,1,16,5,12.5%,20%,6.75,9.2
https://kaijo-fishing.com/blog/column/ranking/mie-wakayama/,2,1,16,19,12.5%,5.26%,11.62,41.84
https://kaijo-fishing.com/blog/tana-basics/,2,0,15,18,13.33%,0%,6.2,10.11
https://kaijo-fishing.com/blog/intelligence/2026-06-w03/,2,0,13,1,15.38%,0%,5.15,4
https://kaijo-fishing.com/fishing-facility/araibenten-sea-fishing-park,2,0,13,3,15.38%,0%,10.85,10.67
https://kaijo-fishing.com/blog/tactics/fish-strategy/shimaji/advanced/,2,0,10,2,20%,0%,8.8,6
https://kaijo-fishing.com/blog/tactics/fish-strategy/suzuki/intermediate/,2,0,10,2,20%,0%,10.8,7.5
https://kaijo-fishing.com/blog/suzuki-strategy/,2,0,9,2,22.22%,0%,7,32.5
https://kaijo-fishing.com/blog/column/trivia/may-bait-stealer-dango-guide/,2,0,9,0,22.22%,0%,8.11,0
https://kaijo-fishing.com/blog/shimonoseki-fishing-park/,2,0,9,32,22.22%,0%,13.44,13.25
https://kaijo-fishing.com/fishing-facility/west-japan/tokushima/,2,0,9,11,22.22%,0%,13.78,15.45
https://kaijo-fishing.com/tactics/fish-strategy/kawahagi/intermediate/,2,0,7,0,28.57%,0%,5.57,0
https://kaijo-fishing.com/blog/oita-saganoseki-trip/,2,0,7,7,28.57%,0%,6.43,10.43
https://kaijo-fishing.com/column/trivia/december-year-end-fishing-strategy/,2,0,7,0,28.57%,0%,7.14,0
https://kaijo-fishing.com/blog/access-kanto/,2,0,6,18,33.33%,0%,3,16.17
https://kaijo-fishing.com/column/trivia/hook-size-science,2,0,5,6,40%,0%,7.6,6.5
https://kaijo-fishing.com/fishing-facility/east-japan/ibaraki/,2,0,5,5,40%,0%,23.6,18.2
https://kaijo-fishing.com/blog/shimaji/intermediate/,2,0,4,0,50%,0%,4,0
https://kaijo-fishing.com/column/travel/june-all-weather-facilities/,2,4,3,30,66.67%,13.33%,8.33,7.43
https://kaijo-fishing.com/column/trivia/cloudy-day-advantage/,1,0,199,9,0.5%,0%,7.13,9.11
https://kaijo-fishing.com/fishing-facility/sakurajima-sea-fishing-park/,1,1,161,4,0.62%,25%,15.96,9
https://kaijo-fishing.com/tactics/fish-strategy/ishidai/,1,0,160,0,0.62%,0%,10.7,0
https://kaijo-fishing.com/fishing-facility/araibenten-sea-fishing-park/,1,0,149,0,0.67%,0%,16.33,0
https://kaijo-fishing.com/blog/fishing-facility/west-japan/,1,0,118,36,0.85%,0%,25.41,21.86
https://kaijo-fishing.com/column/trivia/august-dead-bait-technique/,1,1,108,48,0.93%,2.08%,7.27,7.08
https://kaijo-fishing.com/fishing-facility/tsuribori-denpachiya/,1,0,88,1,1.14%,0%,30.8,8
https://kaijo-fishing.com/tactics/gear/rod-selection/,1,0,79,0,1.27%,0%,21.53,0
https://kaijo-fishing.com/fishing-facility/shinmaiko-marine-park-fishing/,1,1,75,13,1.33%,7.69%,9.76,8.62
https://kaijo-fishing.com/fishing-facility/west-japan/yamaguchi/,1,0,74,25,1.35%,0%,16.68,19.2
https://kaijo-fishing.com/blog/marusui-kaisan/,1,0,70,21,1.43%,0%,9.31,11.1
https://kaijo-fishing.com/fishing-facility/yunoko-fishing-park/,1,0,69,0,1.45%,0%,10.71,0
https://kaijo-fishing.com/blog/fukuoka-city-sea-fishing-park/,1,4,63,94,1.59%,4.26%,8.65,11.64
https://kaijo-fishing.com/column/travel/kagawa-shodoshima-trip/,1,0,61,8,1.64%,0%,21.98,11.88
https://kaijo-fishing.com/column/trivia/morning-magic-science/,1,0,56,15,1.79%,0%,9.8,12.67
https://kaijo-fishing.com/fishing-facility/tsuribori-shotokumaru/,1,0,53,8,1.89%,0%,20.08,7.62
https://kaijo-fishing.com/tactics/fish-strategy/buri/intermediate/,1,1,46,3,2.17%,33.33%,7.63,9.33
https://kaijo-fishing.com/fishing-facility/kaijo-tsuribori-benya/,1,0,45,6,2.22%,0%,7.82,9
https://kaijo-fishing.com/column/ranking/kyushu-okinawa/,1,0,45,0,2.22%,0%,8.87,0
https://kaijo-fishing.com/fishing-facility/amakusa-rakutsuri/,1,0,42,0,2.38%,0%,8.9,0
https://kaijo-fishing.com/blog/awaji-janohire-fishing-park,1,2,42,27,2.38%,7.41%,13.24,26.7
https://kaijo-fishing.com/tactics/fish-strategy/kanpachi/advanced/,1,0,41,0,2.44%,0%,7.95,0
https://kaijo-fishing.com/tactics/fish-strategy/kue/advanced/,1,0,39,0,2.56%,0%,8.21,0
https://kaijo-fishing.com/blog/column/trivia/oxygen-depletion-summer/,1,0,37,23,2.7%,0%,9.16,5.78
https://kaijo-fishing.com/column/trivia/september-autumn-feeding-rig-guide/,1,1,36,14,2.78%,7.14%,6.67,9.64
https://kaijo-fishing.com/fishing-facility/atami-port-sea-fishing-facility/,1,0,34,4,2.94%,0%,13.44,12.75
https://kaijo-fishing.com/column/trivia/line-material-science/,1,1,33,8,3.03%,12.5%,10.12,10
https://kaijo-fishing.com/column/ranking/mie-wakayama/,1,1,33,10,3.03%,10%,13.06,9.3
https://kaijo-fishing.com/fishing-facility/miura-kaiou/,1,2,32,99,3.12%,2.02%,8.94,12.24
https://kaijo-fishing.com/blog/tactics/fish-strategy/isaki/gourmet/,1,5,31,86,3.23%,5.81%,7.9,8.36
https://kaijo-fishing.com/blog/kagawa-shodoshima-trip/,1,3,29,50,3.45%,6%,7.28,16.06
https://kaijo-fishing.com/blog/hook-size-science/,1,1,28,17,3.57%,5.88%,8.14,9.65
https://kaijo-fishing.com/tactics/fish-strategy/fugu/theory/,1,0,28,0,3.57%,0%,8.21,0
https://kaijo-fishing.com/blog/amakusa-leisure-land/,1,0,28,44,3.57%,0%,17.57,21.18
https://kaijo-fishing.com/tactics/fish-strategy/tide-wind-calculation/,1,0,27,17,3.7%,0%,9.81,13.53
https://kaijo-fishing.com/blog/yunoko-fishing-park/,1,1,24,12,4.17%,8.33%,9.38,11.75
https://kaijo-fishing.com/blog/shinkei-jime-benefits/,1,0,24,10,4.17%,0%,23.71,11.1
https://kaijo-fishing.com/fishing-facility/fishing-park-omishima/,1,0,23,6,4.35%,0%,14.78,11.83
https://kaijo-fishing.com/blog/tactics/fish-strategy/fugu/advanced/,1,0,22,13,4.55%,0%,7.23,9.08
https://kaijo-fishing.com/fishing-facility/hasamaura-fishing-center/,1,0,22,2,4.55%,0%,16.91,23
https://kaijo-fishing.com/blog/umingu-oshima/,1,0,22,5,4.55%,0%,30.59,7.2
https://kaijo-fishing.com/tactics/fish-strategy/shimaji/gourmet/,1,0,21,0,4.76%,0%,6.62,0
https://kaijo-fishing.com/column/trivia/may-spawning-tai-taste-guide/,1,0,21,22,4.76%,0%,6.95,19.23
https://kaijo-fishing.com/column/travel/september-shimonoseki-fugu-trip/,1,0,21,5,4.76%,0%,7.38,13.2
https://kaijo-fishing.com/column/trivia/january-kanburi-fat-science/,1,0,21,0,4.76%,0%,7.71,0
https://kaijo-fishing.com/column/trivia/may-bait-stealer-dango-guide/,1,0,21,3,4.76%,0%,8.86,21.33
https://kaijo-fishing.com/blog/hamanako-access-guide/,1,0,21,32,4.76%,0%,9,9.25
https://kaijo-fishing.com/fishing-facility/notojima-sea-fishing-center/,1,0,21,0,4.76%,0%,12.9,0
https://kaijo-fishing.com/blog/line-material-science,1,0,20,13,5%,0%,7.05,8.85
https://kaijo-fishing.com/blog/tactics/fish-strategy/suzuki/advanced/,1,0,18,5,5.56%,0%,8.61,7.4
https://kaijo-fishing.com/blog/column/trivia/september-shirasa-ebi-scatter-method/,1,0,17,0,5.88%,0%,11.35,0
https://kaijo-fishing.com/blog/kamae-sea-fishing-tsunchaoh/,1,0,16,12,6.25%,0%,4.62,8.5
https://kaijo-fishing.com/fishing-facility/west-japan/kagawa/,1,0,16,3,6.25%,0%,13.12,16.67
https://kaijo-fishing.com/blog/tactics/beginner/fish-handling/,1,0,15,2,6.67%,0%,8.2,63
https://kaijo-fishing.com/tactics/fish-strategy/buri/strategy/,1,0,15,0,6.67%,0%,8.2,0
https://kaijo-fishing.com/column/trivia/june-tackle-storage-mold-guide/,1,0,15,0,6.67%,0%,8.67,0
https://kaijo-fishing.com/blog/column/trivia/june-tackle-storage-mold-guide/,1,1,14,8,7.14%,12.5%,7.57,4.88
https://kaijo-fishing.com/blog/oarai-sea-fishing-center/,1,2,14,30,7.14%,6.67%,7.64,8.8
https://kaijo-fishing.com/blog/tactics/beginner/fishing-etiquette,1,0,14,3,7.14%,0%,9.71,9.67
https://kaijo-fishing.com/blog/tactics/gear/knot-strength-test/,1,0,14,0,7.14%,0%,9.71,0
https://kaijo-fishing.com/tactics/beginner/first-fishing-pond/,1,0,14,9,7.14%,0%,15.43,11.89
https://kaijo-fishing.com/column/travel/,1,0,14,0,7.14%,0%,16.43,0
https://kaijo-fishing.com/tactics/fish-strategy/isaki/intermediate/,1,0,13,7,7.69%,0%,5.23,8.71
https://kaijo-fishing.com/tactics/gear/beginner-tackle-set,1,1,13,3,7.69%,33.33%,7.23,5.67
https://kaijo-fishing.com/fishing-facility/sendai-port-central-park-sea-square,1,0,13,6,7.69%,0%,8.54,9.83
https://kaijo-fishing.com/blog/column/trivia/morning-vs-afternoon-battle/,1,1,12,9,8.33%,11.11%,7.42,6.89
https://kaijo-fishing.com/fishing-facility/umizuri-port-tajiri,1,1,12,48,8.33%,2.08%,7.5,9.17
https://kaijo-fishing.com/fishing-facility/kaijo-tsuribori-tsuriichi/,1,0,11,1,9.09%,0%,7.45,3
https://kaijo-fishing.com/blog/column/travel/september-shimonoseki-fugu-trip/,1,0,11,6,9.09%,0%,8.18,11.33
https://kaijo-fishing.com/blog/tactics/gear/beginner-tackle-set,1,0,11,8,9.09%,0%,9.73,8.25
https://kaijo-fishing.com/column/trivia/august-summer-bluefish-time-strategy/,1,1,10,5,10%,20%,7.1,3.6
https://kaijo-fishing.com/blog/tactics/fish-strategy/kue/theory/,1,1,10,1,10%,100%,7.2,2
https://kaijo-fishing.com/blog/hook-size-science,1,1,10,14,10%,7.14%,7.7,7.14
https://kaijo-fishing.com/column/travel/november-izu-autumn-leaves-trip/,1,0,10,9,10%,0%,8.1,14.67
https://kaijo-fishing.com/blog/column/trivia/july-ice-management-guide/,1,0,10,2,10%,0%,11.8,8.5
https://kaijo-fishing.com/blog/column/travel/december-kagoshima-ibusuki-trip/,1,0,10,0,10%,0%,29.6,0
https://kaijo-fishing.com/blog/column/travel/september-silver-week-quiet-spots-guide/,1,0,9,3,11.11%,0%,1.78,11
https://kaijo-fishing.com/column/travel/october-scenic-facilities-family-trip/,1,0,9,1,11.11%,0%,5.11,5
https://kaijo-fishing.com/blog/tactics/fish-strategy/suzuki/gourmet/,1,0,9,4,11.11%,0%,6.11,27.75
https://kaijo-fishing.com/blog/column/trivia/tsuyu-muddy-water-rig-guide/,1,0,9,5,11.11%,0%,6.56,7.8
https://kaijo-fishing.com/tactics/fish-strategy/kanpachi/intermediate/,1,0,9,0,11.11%,0%,6.56,0
https://kaijo-fishing.com/blog/tactics/fish-strategy/buri/,1,0,9,1,11.11%,0%,6.67,11
https://kaijo-fishing.com/blog/tactics/fish-strategy/shimaji/gourmet/,1,0,9,8,11.11%,0%,8.22,7.38
https://kaijo-fishing.com/blog/tactics/fish-strategy/isaki/intermediate/,1,0,8,4,12.5%,0%,5,8.5
https://kaijo-fishing.com/column/trivia/november-bottom-fishing-guide/,1,0,8,1,12.5%,0%,6.25,13
https://kaijo-fishing.com/about/,1,0,8,14,12.5%,0%,8.62,2.86
https://kaijo-fishing.com/blog/line-material-science/,1,0,8,5,12.5%,0%,9.62,18.8
https://kaijo-fishing.com/fishing-facility/saikakizaki-seapark/,1,0,8,0,12.5%,0%,10.12,0
https://kaijo-fishing.com/blog/fukui-mikata-goko/,1,0,8,5,12.5%,0%,11.12,13.6
https://kaijo-fishing.com/fishing-facility/seapark-nyu,1,0,8,0,12.5%,0%,11.75,0
https://kaijo-fishing.com/fishing-facility/matsunase-fishing-park/,1,0,8,3,12.5%,0%,12.38,8.67
https://kaijo-fishing.com/column/trivia/october-olive-hamachi-guide/,1,0,7,0,14.29%,0%,5,0
https://kaijo-fishing.com/column/trivia/july-summer-research-guide/,1,0,7,2,14.29%,0%,7.43,8
https://kaijo-fishing.com/blog/shimonoseki-fishing-park,1,0,7,19,14.29%,0%,14.57,28.68
https://kaijo-fishing.com/blog/tactics/fish-strategy/shimaji/theory/,1,0,6,7,16.67%,0%,6,5.71
https://kaijo-fishing.com/blog/tactics/fish-strategy/hiramasa/strategy/,1,0,6,2,16.67%,0%,6.17,14.5
https://kaijo-fishing.com/column/trivia/fish-pressure-mechanism,1,0,6,0,16.67%,0%,7.67,0
https://kaijo-fishing.com/blog/tactics/fish-strategy/buri/intermediate/,1,1,6,7,16.67%,14.29%,8.33,5.57
https://kaijo-fishing.com/blog/hamanako-unagi-trip/,1,0,6,16,16.67%,0%,9.83,19
https://kaijo-fishing.com/blog/tactics/gear/tackle-maintenance-care/,1,0,6,0,16.67%,0%,13.33,0
https://kaijo-fishing.com/tactics/gear/beginner-tackle-set/,1,0,6,0,16.67%,0%,16.33,0
https://kaijo-fishing.com/tactics/fish-strategy/ishidai/intermediate/,1,0,5,0,20%,0%,6.6,0
https://kaijo-fishing.com/blog/tactics/fish-strategy/ishidai/intermediate/,1,0,5,0,20%,0%,7.2,0
https://kaijo-fishing.com/blog/kaijo-tsuribori-tsuriichi/,1,0,5,17,20%,0%,7.6,8.94
https://kaijo-fishing.com/column/trivia/january-bluefish-liver-sasami-bait-guide/,1,0,5,4,20%,0%,7.6,12
https://kaijo-fishing.com/tactics/fish-strategy/mejina/intermediate/,1,0,5,0,20%,0%,7.8,0
https://kaijo-fishing.com/tactics/gear/cooler-box-selection,1,0,5,2,20%,0%,8,6.5
https://kaijo-fishing.com/blog/kue-strategy/,1,1,5,3,20%,33.33%,16.6,8.33
https://kaijo-fishing.com/blog/column/trivia/september-autumn-feeding-rig-guide/,1,0,4,0,25%,0%,5.25,0
https://kaijo-fishing.com/blog/why-fish-delicious/,1,1,4,6,25%,16.67%,6.25,6
https://kaijo-fishing.com/blog/tactics/fish-strategy/kanpachi/advanced,1,0,3,0,33.33%,0%,4.67,0
https://kaijo-fishing.com/blog/tsuribori-denpachiya/,1,3,3,44,33.33%,6.82%,8.33,12.09
https://kaijo-fishing.com/blog/tactics/fish-strategy/madai/,1,0,3,14,33.33%,0%,12.33,16.86
https://kaijo-fishing.com/column/trivia/january-low-activity-tai-luring-guide/,1,0,3,0,33.33%,0%,15.67,0
https://kaijo-fishing.com/tactics/fish-strategy/chinu/gourmet,1,0,2,18,50%,0%,5.5,11.33
https://kaijo-fishing.com/column/trivia/february-tiny-float-thin-rig-guide/,1,0,2,0,50%,0%,7,0
https://kaijo-fishing.com/tactics/fish-strategy/aji-asaba-kamasu/advanced,1,0,2,7,50%,0%,7.5,12.14
https://kaijo-fishing.com/fishing-facility/shodoshima-furusatomura-fishing-pier,1,0,2,6,50%,0%,9,28.5
https://kaijo-fishing.com/blog/shimanami-cycling-fishing,1,1,2,2,50%,50%,9.5,10
https://kaijo-fishing.com/blog/madai/intermediate/,1,0,1,1,100%,0%,2,4
https://kaijo-fishing.com/blog/marine-garden-leisure/,1,0,1,1,100%,0%,4,4
https://kaijo-fishing.com/column/trivia/december-back-to-basics-yearly-review/,1,0,1,0,100%,0%,22,0
https://kaijo-fishing.com/blog/intelligence/2026-05-w05,1,0,1,2,100%,0%,32,3.5
https://kaijo-fishing.com/column/trivia/night-fishing-biology/,0,0,208,54,0%,0%,8.61,8.33
https://kaijo-fishing.com/column/trivia/shinkei-jime-benefits/,0,0,127,1,0%,0%,26.9,6
https://kaijo-fishing.com/blog/rainy-day-fishing-truth/,0,0,113,53,0%,0%,32.81,24.94
https://kaijo-fishing.com/fishing-facility/tsuribori-kishu/,0,0,109,2,0%,0%,17.51,25
https://kaijo-fishing.com/fishing-facility/miyazu-city-marine-fishing-park/,0,1,100,8,0%,12.5%,23.51,21.12
https://kaijo-fishing.com/tactics/fish-strategy/kawahagi/theory/,0,0,90,6,0%,0%,8.6,15.33
https://kaijo-fishing.com/tactics/gear/uki-setup/,0,0,87,0,0%,0%,13.82,0
https://kaijo-fishing.com/fishing-facility/west-japan/mie/,0,1,87,7,0%,14.29%,30.55,17.14
https://kaijo-fishing.com/tactics/fish-strategy/kue/gourmet/,0,1,85,104,0%,0.96%,8.12,10.01
https://kaijo-fishing.com/fishing-facility/kaijo-tsuribori-maruya/,0,0,75,9,0%,0%,12.17,10.33
https://kaijo-fishing.com/tactics/beginner/fish-senses/,0,0,72,0,0%,0%,11.36,0
https://kaijo-fishing.com/column/trivia/july-morning-speed-strategy-guide/,0,0,65,8,0%,0%,7.57,6.62
https://kaijo-fishing.com/fishing-facility/kaijo-tsuribori-fukujumaru/,0,0,60,15,0%,0%,9.53,20.67
https://kaijo-fishing.com/tactics/beginner/fish-handling/,0,0,54,0,0%,0%,45.7,0
https://kaijo-fishing.com/fishing-facility/kaijo-tsuribori-yukimaru/,0,0,51,36,0%,0%,8.65,9.78
https://kaijo-fishing.com/fishing-facility/east-japan/yamagata/,0,0,51,0,0%,0%,22.88,0
https://kaijo-fishing.com/tactics/fish-strategy/mejina/gourmet/,0,0,44,0,0%,0%,15.75,0
https://kaijo-fishing.com/tactics/fish-strategy/mejina/,0,0,43,0,0%,0%,21.12,0
https://kaijo-fishing.com/blog/tactics/fish-strategy/mejina/gourmet/,0,1,41,40,0%,2.5%,8.1,13.28
https://kaijo-fishing.com/blog/amakusa-rakutsuri/,0,4,40,53,0%,7.55%,7.78,9.08
https://kaijo-fishing.com/fishing-facility/tsuribori-hamakatsu/,0,0,35,7,0%,0%,8.34,8.14
https://kaijo-fishing.com/blog/chiba-minamiboso-access-guide/,0,0,35,0,0%,0%,9.06,0
https://kaijo-fishing.com/column/trivia/cost-calculation-guide/,0,0,33,9,0%,0%,7.97,6.89
https://kaijo-fishing.com/fishing-facility/shimanami-kaido-fishing-park/,0,1,30,5,0%,20%,10.93,34.2
https://kaijo-fishing.com/blog/amakusa-leisure-land,0,0,30,44,0%,0%,18.07,21.89
https://kaijo-fishing.com/tactics/beginner/,0,0,30,26,0%,0%,30.2,33.23
https://kaijo-fishing.com/tactics/fish-strategy/fugu/intermediate/,0,0,27,0,0%,0%,8.67,0
https://kaijo-fishing.com/fishing-facility/bakucho-mihama-fishing-park/,0,0,27,5,0%,0%,23.67,31.8
https://kaijo-fishing.com/column/trivia/history-of-fishing-pond/,0,0,26,12,0%,0%,7.38,6.42
https://kaijo-fishing.com/blog/history-of-fishing-pond/,0,4,25,26,0%,15.38%,5.64,4.88
https://kaijo-fishing.com/fishing-facility/niigata-east-port-2nd-east-breakwater/,0,0,25,6,0%,0%,6.68,9.83
https://kaijo-fishing.com/fishing-facility/naoetsu-port-3rd-east-breakwater/,0,0,25,9,0%,0%,10.88,15.56
https://kaijo-fishing.com/blog/column/trivia/july-sea-temperature-lag-guide/,0,0,24,3,0%,0%,9.92,9
https://kaijo-fishing.com/fishing-facility/oarai-sea-fishing-center/,0,0,24,3,0%,0%,11.46,7
https://kaijo-fishing.com/tactics/fish-strategy/isaki/advanced/,0,0,23,0,0%,0%,7.39,0
https://kaijo-fishing.com/blog/hamabe-tosen-kaijo-tsuribori/,0,1,23,2,0%,50%,10.61,35
https://kaijo-fishing.com/blog/column/trivia/fish-freezing-method,0,0,23,0,0%,0%,11.78,0
https://kaijo-fishing.com/column/trivia/why-madai-red/,0,0,23,9,0%,0%,15.22,17.33
https://kaijo-fishing.com/tactics/beginner/safety-guide/,0,0,22,0,0%,0%,4.23,0
https://kaijo-fishing.com/blog/cloudy-day-advantage/,0,1,22,131,0%,0.76%,7.95,8.22
https://kaijo-fishing.com/blog/jogashima-js-fishing/,0,0,22,5,0%,0%,8,4.8
https://kaijo-fishing.com/fishing-facility/west-japan/nagasaki/,0,0,22,7,0%,0%,9.45,9.57
https://kaijo-fishing.com/blog/fishing-rainbow/,0,0,22,10,0%,0%,19.14,17.8
https://kaijo-fishing.com/blog/why-madai-red/,0,1,21,77,0%,1.3%,8.29,11.21
https://kaijo-fishing.com/tactics/fish-strategy/hiramasa/theory/,0,0,20,17,0%,0%,6.1,11.65
https://kaijo-fishing.com/tactics/gear/harris-importance,0,2,20,50,0%,4%,8.1,9.1
https://kaijo-fishing.com/tactics/fish-strategy/aji-asaba-kamasu/gourmet/,0,0,20,0,0%,0%,9.3,0
https://kaijo-fishing.com/blog/fishing-land-hyuga/,0,1,20,18,0%,5.56%,12.15,16.33
https://kaijo-fishing.com/fishing-facility/awaji-janohire-fishing-park/,0,0,20,3,0%,0%,14.5,19.33
https://kaijo-fishing.com/column/trivia/march-sankan-shion-temperature-guide/,0,0,20,8,0%,0%,28.45,39
https://kaijo-fishing.com/tactics/fish-strategy/aji-asaba-kamasu/,0,0,19,0,0%,0%,6.95,0
https://kaijo-fishing.com/column/travel/july-naruto-whirlpool-trip/,0,1,19,3,0%,33.33%,7.79,6
https://kaijo-fishing.com/tactics/fish-strategy/isaki/gourmet/,0,0,19,0,0%,0%,8.89,0
https://kaijo-fishing.com/column/travel/shimanami-cycling-fishing/,0,0,19,6,0%,0%,9.05,23.5
https://kaijo-fishing.com/tactics/gear/safety-gear-guide/,0,0,19,0,0%,0%,11.89,0
https://kaijo-fishing.com/column/trivia/november-sudachi-buri-guide/,0,0,18,6,0%,0%,5.44,6
https://kaijo-fishing.com/column/trivia/ikeus-management-secret/,0,0,18,1,0%,0%,6.17,9
https://kaijo-fishing.com/fishing-facility/kaijo-tsuribori-yuasa/,0,0,18,6,0%,0%,6.89,24.83
https://kaijo-fishing.com/blog/column/ranking/kyushu-okinawa/,0,0,18,0,0%,0%,8.78,0
https://kaijo-fishing.com/blog/tactics/fish-strategy/shimaji/,0,0,18,0,0%,0%,9.33,0
https://kaijo-fishing.com/column/ranking/kanto-tokai/,0,1,17,19,0%,5.26%,8.18,16.32
https://kaijo-fishing.com/blog/tactics/gear/reel-and-line/,0,0,17,0,0%,0%,8.41,0
https://kaijo-fishing.com/blog/column/trivia/august-fishing-ghost-stories-manners/,0,0,17,4,0%,0%,11.06,7.25
https://kaijo-fishing.com/column/travel/access/hamanako-access-guide/,0,0,16,3,0%,0%,6.81,8
https://kaijo-fishing.com/column/trivia/september-sea-temperature-boundary-guide/,0,0,16,2,0%,0%,7.25,15.5
https://kaijo-fishing.com/fishing-facility/suihou-fishing-pond,0,0,16,0,0%,0%,8.38,0
https://kaijo-fishing.com/blog/suihou-fishing-pond/,0,1,16,74,0%,1.35%,9,18.42
https://kaijo-fishing.com/fishing-facility/suihou-fishing-pond/,0,0,16,0,0%,0%,9.25,0
https://kaijo-fishing.com/tactics/gear/reel-and-line/,0,0,16,8,0%,0%,9.69,10.12
https://kaijo-fishing.com/blog/tactics/fish-strategy/kue/advanced/,0,0,16,6,0%,0%,11.75,8.33
https://kaijo-fishing.com/fishing-facility/tsuribori-shotokumaru,0,1,16,6,0%,16.67%,24.25,24.33
https://kaijo-fishing.com/column/trivia/aging-fish-science/,0,0,15,6,0%,0%,7.87,10.17
https://kaijo-fishing.com/column/trivia/oxygen-depletion-summer/,0,0,15,4,0%,0%,8.33,8.5
https://kaijo-fishing.com/blog/buri/intermediate/,0,0,15,2,0%,0%,12.2,11.5
https://kaijo-fishing.com/blog/tactics/gear/cooler-box-selection/,0,2,14,17,0%,11.76%,6.57,9.35
https://kaijo-fishing.com/blog/rental-tackle-honest-review/,0,0,14,17,0%,0%,8.14,8.94
https://kaijo-fishing.com/blog/bait-rotation/,0,3,14,22,0%,13.64%,8.5,8.05
https://kaijo-fishing.com/column/trivia/tsuyu-target-fish-guide/,0,0,14,7,0%,0%,9.57,10
https://kaijo-fishing.com/column/trivia/morning-magic-science,0,0,14,0,0%,0%,9.79,0
https://kaijo-fishing.com/fishing-facility/amakusa-leisure-land/,0,0,14,1,0%,0%,10.43,1
https://kaijo-fishing.com/fishing-facility/fishing-park-triton/,0,0,14,0,0%,0%,14.79,0
https://kaijo-fishing.com/column/travel/chiba-minamiboso-trip/,0,0,14,6,0%,0%,16.71,40.17
https://kaijo-fishing.com/blog/tactics/fish-strategy/chinu/theory/,0,1,13,15,0%,6.67%,7.23,9.2
https://kaijo-fishing.com/column/trivia/sound-vibration-fishing/,0,0,13,1,0%,0%,8,6
https://kaijo-fishing.com/fishing-facility/west-japan/miyazaki/,0,1,13,5,0%,20%,10.62,16.4
https://kaijo-fishing.com/fishing-facility/kobe-hiraiso-sea-fishing-park/,0,0,13,6,0%,0%,12.38,48
https://kaijo-fishing.com/fishing-facility/kaijo-tsuribori-tairyomaru/,0,0,13,2,0%,0%,12.69,22.5
https://kaijo-fishing.com/fishing-facility/center-japan/aichi/,0,1,13,3,0%,33.33%,13.46,22.33
https://kaijo-fishing.com/blog/niigata-east-port-2nd-east-breakwater/,0,0,12,30,0%,0%,5.83,9.43
https://kaijo-fishing.com/blog/tactics/fish-strategy/kawahagi/theory/,0,0,12,0,0%,0%,7.25,0
https://kaijo-fishing.com/blog/tide-inside-pond,0,0,12,6,0%,0%,7.33,7.5
https://kaijo-fishing.com/column/travel/april-family-friendly-facilities/,0,0,12,2,0%,0%,8.42,7
https://kaijo-fishing.com/blog/naize-fishing-center,0,0,12,6,0%,0%,8.83,4.83
https://kaijo-fishing.com/blog/bakucho-mihama-fishing-park/,0,3,12,53,0%,5.66%,10.92,10.51
https://kaijo-fishing.com/blog/sakurajima-sea-fishing-park/,0,7,12,90,0%,7.78%,11.67,10.67
https://kaijo-fishing.com/tactics/gear/knot-strength-test,0,0,12,5,0%,0%,12.5,7.8
https://kaijo-fishing.com/column/travel/shirahama-onsen-trip/,0,0,12,2,0%,0%,13.42,16
https://kaijo-fishing.com/blog/tactics/fish-strategy/isaki/,0,0,12,10,0%,0%,14.25,8.1
https://kaijo-fishing.com/fishing-facility/kakata-fishing-pond/,0,0,12,13,0%,0%,16.42,25.85
https://kaijo-fishing.com/blog/column/trivia/november-sudachi-buri-guide/,0,0,11,3,0%,0%,4.64,7.33
https://kaijo-fishing.com/tactics/fish-strategy/aji-asaba-kamasu/intermediate/,0,0,11,0,0%,0%,7.36,0
https://kaijo-fishing.com/column/trivia/tide-inside-pond/,0,0,11,2,0%,0%,7.45,5
https://kaijo-fishing.com/blog/kawahagi-strategy/,0,0,11,7,0%,0%,7.55,5.57
https://kaijo-fishing.com/blog/column/ranking/tohoku-hokkaido/,0,0,11,0,0%,0%,8,0
https://kaijo-fishing.com/blog/column/ranking/nihonkai-hokuriku/,0,0,11,2,0%,0%,8.27,4
https://kaijo-fishing.com/column/travel/kanagawa-miura-trip/,0,1,11,1,0%,100%,8.36,2
https://kaijo-fishing.com/tactics/fish-strategy/mejina/theory/,0,0,11,0,0%,0%,9.18,0
https://kaijo-fishing.com/blog/sanriku-sea-fishing-park/,0,3,11,33,0%,9.09%,10.27,8.58
https://kaijo-fishing.com/column/travel/access/ise-shima-access-guide/,0,0,11,5,0%,0%,14.91,14.6
https://kaijo-fishing.com/fishing-facility/fishing-rainbow/,0,0,11,13,0%,0%,17,20.92
https://kaijo-fishing.com/tactics/fish-strategy/suzuki/theory,0,0,10,2,0%,0%,6.8,36.5
https://kaijo-fishing.com/blog/rainy-day-fishing-truth,0,0,10,7,0%,0%,7.5,8.43
https://kaijo-fishing.com/column/ranking/tohoku-hokkaido/,0,0,10,13,0%,0%,8.2,11.92
https://kaijo-fishing.com/tactics/fish-strategy/fugu/,0,0,10,17,0%,0%,8.7,9.06
https://kaijo-fishing.com/fishing-facility/tomakomai-port-sea-fishing-facility,0,1,10,119,0%,0.84%,9.5,10.38
https://kaijo-fishing.com/column/travel/may-holiday-tsuribori-reservation/,0,0,10,3,0%,0%,9.8,10.33
https://kaijo-fishing.com/fishing-facility/kaijo-tsuribori-monkey/,0,0,10,1,0%,0%,9.9,10
https://kaijo-fishing.com/column/travel/access/chiba-minamiboso-access-guide/,0,0,10,6,0%,0%,11,17.83
https://kaijo-fishing.com/column/trivia/february-shirasagi-salmon-guide/,0,0,10,5,0%,0%,11,17.4
https://kaijo-fishing.com/column/travel/nagasaki-goto-trip/,0,0,10,8,0%,0%,12.5,4
https://kaijo-fishing.com/column/trivia/september-shirasa-ebi-scatter-method/,0,0,10,0,0%,0%,12.9,0
https://kaijo-fishing.com/fishing-facility/kobe-hiraiso-sea-fishing-park,0,0,10,1,0%,0%,13.7,10
https://kaijo-fishing.com/blog/miura-kaiou/,0,0,10,26,0%,0%,16.5,10.69
https://kaijo-fishing.com/blog/,0,0,10,2,0%,0%,21.4,5.5
https://kaijo-fishing.com/blog/sashimi-value-comparison/,0,0,9,4,0%,0%,4.44,6.75
https://kaijo-fishing.com/tactics/fish-strategy/isaki,0,0,9,0,0%,0%,5.44,0
https://kaijo-fishing.com/fishing-facility/jogashima-js-fishing/,0,0,9,0,0%,0%,5.67,0
https://kaijo-fishing.com/blog/shimaji-strategy/,0,1,9,5,0%,20%,6.67,8.2
https://kaijo-fishing.com/blog/fugu-strategy/,0,0,9,1,0%,0%,7.11,4
https://kaijo-fishing.com/blog/tactics/fish-strategy/madai/theory/,0,1,9,11,0%,9.09%,7.22,6
https://kaijo-fishing.com/tactics/fish-strategy/aji-asaba-kamasu/theory/,0,0,9,0,0%,0%,7.22,0
https://kaijo-fishing.com/blog/tactics/fish-strategy/aji-asaba-kamasu/advanced/,0,0,9,5,0%,0%,7.56,7.4
https://kaijo-fishing.com/blog/seat-selection-strategy/,0,1,9,8,0%,12.5%,7.89,4
https://kaijo-fishing.com/column/travel/access/access-tokai/,0,0,9,1,0%,0%,7.89,8
https://kaijo-fishing.com/blog/intelligence/2026-06-w01/,0,0,9,26,0%,0%,8.33,8
https://kaijo-fishing.com/blog/searoad-yawatahama/,0,0,9,43,0%,0%,8.67,8.6
https://kaijo-fishing.com/blog/column/trivia/october-best-season-tsunuke-guide/,0,0,9,3,0%,0%,9.22,9
https://kaijo-fishing.com/column/trivia/bait-rotation/,0,0,9,2,0%,0%,11.11,10.5
https://kaijo-fishing.com/blog/tactics/fish-strategy/fugu/theory/,0,0,9,4,0%,0%,12.44,9.75
https://kaijo-fishing.com/tactics/fish-strategy/hiramasa/strategy/,0,0,9,0,0%,0%,12.56,0
https://kaijo-fishing.com/blog/kaijo-tsuribori-misaki/,0,1,9,92,0%,1.09%,13.56,16.64
https://kaijo-fishing.com/blog/tactics/beginner/tide-basics/,0,2,9,25,0%,8%,14.33,22.12
https://kaijo-fishing.com/fishing-facility/west-japan/hyogo/,0,0,9,10,0%,0%,17.44,25.8
https://kaijo-fishing.com/tactics/fish-strategy/suzuki/theory/,0,0,8,0,0%,0%,5.38,0
https://kaijo-fishing.com/column/trivia/why-expensive-fish/,0,0,8,5,0%,0%,5.5,3.4
https://kaijo-fishing.com/blog/hiramasa/theory/,0,1,8,20,0%,5%,5.62,8.2
https://kaijo-fishing.com/blog/column/trivia/may-spawning-tai-taste-guide/,0,1,8,10,0%,10%,6,21.4
https://kaijo-fishing.com/blog/kaijo-tsuribori-wako/,0,0,8,13,0%,0%,6.25,9.77
https://kaijo-fishing.com/column/trivia/september-original-rig-craft-guide/,0,0,8,0,0%,0%,7,0
https://kaijo-fishing.com/column/trivia/june-summer-shift-signs-guide/,0,0,8,11,0%,0%,7.38,12.27
https://kaijo-fishing.com/blog/tactics/fish-strategy/kanpachi/theory/,0,0,8,6,0%,0%,8.12,8.33
https://kaijo-fishing.com/tactics/gear/cooler-box-selection/,0,0,8,0,0%,0%,8.5,0
https://kaijo-fishing.com/blog/tsuribori-hamakatsu/,0,0,8,30,0%,0%,8.75,8.93
https://kaijo-fishing.com/fishing-facility/raft-fishing-takahashi,0,0,8,1,0%,0%,8.88,7
https://kaijo-fishing.com/blog/tactics/gear/rod-selection,0,0,8,15,0%,0%,9.12,12.4
https://kaijo-fishing.com/column/travel/access/ensei-guide/,0,0,8,0,0%,0%,10,0
https://kaijo-fishing.com/column/travel/december-kagoshima-ibusuki-trip/,0,0,8,2,0%,0%,10.5,9.5
https://kaijo-fishing.com/tactics/beginner/bait-guide,0,0,8,2,0%,0%,11.25,6
https://kaijo-fishing.com/column/trivia/wild-vs-farmed-taste,0,0,8,30,0%,0%,15.25,10.13
https://kaijo-fishing.com/column/trivia/how-to-prevent-tangle/,0,0,8,2,0%,0%,18,13.5
https://kaijo-fishing.com/column/trivia/august-fishing-ghost-stories-manners/,0,0,7,4,0%,0%,4.43,21.5
https://kaijo-fishing.com/column/trivia/rental-tackle-honest-review,0,0,7,17,0%,0%,5.14,5.41
https://kaijo-fishing.com/column/trivia/stocking-time-strategy/,0,0,7,2,0%,0%,6.14,5.5
https://kaijo-fishing.com/column/travel/wakayama-kii-trip/,0,0,7,0,0%,0%,6.86,0
https://kaijo-fishing.com/tactics/fish-strategy/madai/advanced/,0,0,7,0,0%,0%,7.43,0
https://kaijo-fishing.com/tactics/beginner/fishing-etiquette/,0,0,7,0,0%,0%,7.86,0
https://kaijo-fishing.com/tactics/beginner/fish-handling,0,0,7,1,0%,0%,9.43,12
https://kaijo-fishing.com/fishing-facility/koueimaru/,0,0,7,0,0%,0%,9.57,0
https://kaijo-fishing.com/blog/tactics/beginner/fish-handling,0,0,7,3,0%,0%,9.71,41.67
https://kaijo-fishing.com/tactics/fish-strategy/chinu/advanced/,0,0,7,0,0%,0%,10.29,0
https://kaijo-fishing.com/blog/tactics/gear/rod-selection/,0,0,7,24,0%,0%,10.43,29.29
https://kaijo-fishing.com/blog/how-to-prevent-tangle/,0,0,7,0,0%,0%,11.43,0
https://kaijo-fishing.com/fishing-facility/center-japan/shizuoka/,0,0,7,0,0%,0%,17,0
https://kaijo-fishing.com/fishing-facility/east-japan/chiba/,0,0,7,13,0%,0%,44.43,43.69
https://kaijo-fishing.com/blog/column/trivia/tsuyu-target-fish-guide/,0,0,6,11,0%,0%,3.83,6.45
https://kaijo-fishing.com/blog/tactics/fish-strategy/kanpachi/strategy/,0,0,6,0,0%,0%,4.83,0
https://kaijo-fishing.com/tactics/fish-strategy/isaki/theory/,0,0,6,0,0%,0%,4.83,0
https://kaijo-fishing.com/blog/tactics/fish-strategy/kawahagi/intermediate/,0,0,6,1,0%,0%,5.5,9
https://kaijo-fishing.com/column/trivia/april-thermocline-tana-guide/,0,0,6,0,0%,0%,6.17,0
https://kaijo-fishing.com/blog/intelligence/kansai-vs-kanto-spring/,0,0,6,3,0%,0%,6.33,9.67
https://kaijo-fishing.com/tactics/beginner/fishing-etiquette,0,0,6,8,0%,0%,6.33,34.5
https://kaijo-fishing.com/fishing-facility/sanriku-sea-fishing-park/,0,1,6,2,0%,50%,7.5,5.5
https://kaijo-fishing.com/fishing-facility/futomi-flower-isotsuri-center,0,1,6,16,0%,6.25%,8.83,13.88
https://kaijo-fishing.com/blog/buri-strategy/,0,0,6,0,0%,0%,9,0
https://kaijo-fishing.com/column/travel/kumamoto-amakusa-trip/,0,0,6,6,0%,0%,9.5,10.33
https://kaijo-fishing.com/column/trivia/june-tackle-storage-mold-guide,0,0,6,0,0%,0%,9.83,0
https://kaijo-fishing.com/blog/column/trivia/december-furusato-nozei-fishing-guide/,0,0,6,0,0%,0%,10.17,0
https://kaijo-fishing.com/fishing-facility/naize-fishing-center,0,0,6,4,0%,0%,10.33,8.5
https://kaijo-fishing.com/blog/chinu-strategy/,0,0,6,10,0%,0%,11.5,17.5
https://kaijo-fishing.com/tactics/fish-strategy/suzuki/gourmet/,0,0,6,0,0%,0%,12.33,0
https://kaijo-fishing.com/fishing-facility/notojima-sea-fishing-center,0,0,6,2,0%,0%,15.17,16.5
https://kaijo-fishing.com/fishing-facility/west-japan/kyoto/,0,0,6,2,0%,0%,16.33,5.5
https://kaijo-fishing.com/column/travel/access/access-kyushu/,0,0,6,0,0%,0%,32,0
https://kaijo-fishing.com/blog/column/trivia/april-thermocline-tana-guide/,0,0,5,0,0%,0%,3.4,0
https://kaijo-fishing.com/column/trivia/march-sakuradai-targeting-guide/,0,0,5,0,0%,0%,5.4,0
https://kaijo-fishing.com/tactics/fish-strategy/fugu/advanced/,0,0,5,3,0%,0%,5.4,16.67
https://kaijo-fishing.com/tactics/beginner/essential-knots/,0,0,5,0,0%,0%,5.6,0
https://kaijo-fishing.com/blog/cloudy-day-advantage,0,0,5,3,0%,0%,5.8,8.67
https://kaijo-fishing.com/fishing-facility/kamae-sea-fishing-tsunchaoh,0,0,5,0,0%,0%,5.8,0
https://kaijo-fishing.com/tactics/fish-strategy/suzuki/gourmet,0,0,5,19,0%,0%,6,13.53
https://kaijo-fishing.com/blog/cost-calculation-guide,0,0,5,2,0%,0%,6.6,11
https://kaijo-fishing.com/column/trivia/wild-vs-farmed-taste/,0,1,5,5,0%,20%,6.6,6.2
https://kaijo-fishing.com/column/trivia/line-material-science,0,0,5,12,0%,0%,6.8,4
https://kaijo-fishing.com/blog/tactics/fish-strategy/hiramasa/intermediate/,0,0,5,0,0%,0%,8.2,0
https://kaijo-fishing.com/blog/tactics/fish-strategy/aji-asaba-kamasu/theory/,0,0,5,2,0%,0%,8.4,8
https://kaijo-fishing.com/tactics/fish-strategy/kawahagi/gourmet/,0,0,5,10,0%,0%,8.4,9.2
https://kaijo-fishing.com/tactics/fish-strategy/kue/theory,0,0,5,1,0%,0%,8.6,6
https://kaijo-fishing.com/blog/tactics/fish-strategy/chinu/intermediate/,0,0,5,15,0%,0%,9.4,11.6
https://kaijo-fishing.com/column/trivia/rainy-day-fishing-truth,0,2,5,15,0%,13.33%,10,9.6
https://kaijo-fishing.com/tactics/gear/uki-setup,0,1,5,16,0%,6.25%,11,17
https://kaijo-fishing.com/column/trivia/april-bluefish-season-guide/,0,0,5,3,0%,0%,13,7.33
https://kaijo-fishing.com/column/travel/ise-shima-model-plan/,0,0,5,0,0%,0%,17,0
https://kaijo-fishing.com/tactics/,0,1,5,9,0%,11.11%,17,8.78
https://kaijo-fishing.com/fishing-facility/east-japan/aomori/,0,0,5,0,0%,0%,25.6,0
https://kaijo-fishing.com/column/trivia/beginner-vs-experienced-cost,0,0,4,0,0%,0%,4.25,0
https://kaijo-fishing.com/terms/,0,0,4,1,0%,0%,4.5,5
https://kaijo-fishing.com/blog/kaijo-tsuribori-fukujumaru/,0,0,4,8,0%,0%,4.75,8.62
https://kaijo-fishing.com/blog/column/trivia/september-sea-temperature-boundary-guide/,0,0,4,0,0%,0%,5.25,0
https://kaijo-fishing.com/column/trivia/tide-inside-pond,0,0,4,4,0%,0%,5.25,7
https://kaijo-fishing.com/tactics/fish-strategy/fugu/gourmet/,0,0,4,0,0%,0%,5.25,0
https://kaijo-fishing.com/tactics/fish-strategy/myakuzuri-extreme-guide,0,1,4,21,0%,4.76%,5.25,12.43
https://kaijo-fishing.com/tactics/fish-strategy/hiramasa/,0,0,4,0,0%,0%,5.5,0
https://kaijo-fishing.com/blog/seat-selection-strategy,0,3,4,23,0%,13.04%,5.75,10.96
https://kaijo-fishing.com/blog/column/trivia/typhoon-closure-guide/,0,0,4,0,0%,0%,6.25,0
https://kaijo-fishing.com/column/trivia/october-cold-snap-tana-prediction-guide/,0,0,4,1,0%,0%,6.5,4
https://kaijo-fishing.com/blog/column/trivia/fish-freezing-method/,0,0,4,0,0%,0%,6.75,0
https://kaijo-fishing.com/blog/mejina/advanced/,0,0,4,1,0%,0%,6.75,5
https://kaijo-fishing.com/blog/mejina/theory/,0,0,4,9,0%,0%,7.25,10.56
https://kaijo-fishing.com/tactics/fish-strategy/isaki/advanced,0,0,4,5,0%,0%,7.5,11.6
https://kaijo-fishing.com/blog/column/trivia/february-tiny-float-thin-rig-guide/,0,0,4,0,0%,0%,8,0
https://kaijo-fishing.com/blog/nagasaki-goto-trip/,0,1,4,5,0%,20%,8.25,6.4
https://kaijo-fishing.com/fishing-facility/shodoshima-furusatomura-fishing-pier/,0,0,4,5,0%,0%,8.75,8.2
https://kaijo-fishing.com/blog/column/trivia/july-morning-speed-strategy-guide/,0,1,4,2,0%,50%,9,4
https://kaijo-fishing.com/column/trivia/november-strong-pull-energy-science/,0,0,4,3,0%,0%,9.25,22.67
https://kaijo-fishing.com/tactics/fish-strategy/hiramasa/intermediate,0,0,4,1,0%,0%,9.75,2
https://kaijo-fishing.com/tactics/fish-strategy/kue/advanced,0,1,4,5,0%,20%,9.75,12.4
https://kaijo-fishing.com/blog/chiba-minamiboso-trip/,0,0,4,10,0%,0%,10.5,19.4
https://kaijo-fishing.com/column/trivia/may-gomoku-tana-strategy/,0,0,4,1,0%,0%,11,9
https://kaijo-fishing.com/column/travel/february-chiba-strawberry-picking-trip/,0,0,4,0,0%,0%,11.25,0
https://kaijo-fishing.com/tactics/fish-strategy/chinu/intermediate/,0,0,4,0,0%,0%,11.75,0
https://kaijo-fishing.com/blog/access-kanto,0,0,4,36,0%,0%,12,16.67
https://kaijo-fishing.com/blog/column/trivia/july-night-fishing-bluefish-guide/,0,1,4,8,0%,12.5%,12,23.5
https://kaijo-fishing.com/blog/column/trivia/november-kue-mahata-rig-guide/,0,0,4,2,0%,0%,13,9
https://kaijo-fishing.com/column/trivia/october-tackle-tools-guide/,0,0,4,0,0%,0%,14.5,0
https://kaijo-fishing.com/column/trivia/october-autumn-white-fish-aging-guide/,0,0,4,2,0%,0%,32.5,10.5
https://kaijo-fishing.com/tactics/fish-strategy/kanpachi/strategy,0,0,3,4,0%,0%,2.67,7.5
https://kaijo-fishing.com/fishing-facility/koshima-sea-fishing-pond/,0,0,3,0,0%,0%,4,0
https://kaijo-fishing.com/privacy/,0,0,3,12,0%,0%,4,3.83
https://kaijo-fishing.com/tactics/gear/tackle-maintenance-care,0,0,3,16,0%,0%,4.33,12.5
https://kaijo-fishing.com/fishing-facility/east-japan/kanagawa/,0,0,3,0,0%,0%,4.67,0
https://kaijo-fishing.com/blog/tactics/beginner/,0,0,3,6,0%,0%,5,28
https://kaijo-fishing.com/column/trivia/sashimi-value-comparison,0,0,3,4,0%,0%,5,4
https://kaijo-fishing.com/blog/tactics/fish-strategy/kue/intermediate/,0,0,3,1,0%,0%,5.67,11
https://kaijo-fishing.com/blog/madai/,0,0,3,2,0%,0%,6,7
https://kaijo-fishing.com/blog/tactics/fish-strategy/kanpachi/intermediate/,0,0,3,3,0%,0%,6,9.67
https://kaijo-fishing.com/tactics/fish-strategy/myakuzuri-extreme-guide/,0,0,3,1,0%,0%,6,10
https://kaijo-fishing.com/tactics/fish-strategy/suzuki/intermediate,0,1,3,25,0%,4%,6,8.4
https://kaijo-fishing.com/blog/isaki/theory/,0,0,3,7,0%,0%,6.33,7.86
https://kaijo-fishing.com/blog/intelligence/2026-06-summary/,0,0,3,0,0%,0%,7,0
https://kaijo-fishing.com/column/trivia/acclimatization-science/,0,0,3,0,0%,0%,7,0
https://kaijo-fishing.com/tactics/fish-strategy/mejina/theory,0,0,3,0,0%,0%,7,0
https://kaijo-fishing.com/blog/column/trivia/august-summer-bluefish-time-strategy/,0,0,3,5,0%,0%,7.33,8.2
https://kaijo-fishing.com/blog/column/trivia/january-kanburi-fat-science/,0,0,3,3,0%,0%,7.33,8.33
https://kaijo-fishing.com/blog/tactics/fish-strategy/aji-asaba-kamasu/gourmet/,0,0,3,3,0%,0%,7.33,8.67
https://kaijo-fishing.com/blog/tactics/gear/myakuzuri-gear/,0,1,3,18,0%,5.56%,8,28.56
https://kaijo-fishing.com/fishing-facility/shimonoseki-fishing-park,0,0,3,17,0%,0%,8,12.41
https://kaijo-fishing.com/blog/intelligence/2026-06-w04/,0,0,3,0,0%,0%,8.33,0
https://kaijo-fishing.com/fishing-facility/motobu-fishing-ikada-umiseikatsu/,0,0,3,0,0%,0%,8.33,0
https://kaijo-fishing.com/tactics/fish-strategy/shimaji/intermediate/,0,0,3,0,0%,0%,8.33,0
https://kaijo-fishing.com/fishing-facility/amami-sealand/,0,0,3,1,0%,0%,8.67,7
https://kaijo-fishing.com/tactics/fish-strategy/kawahagi/,0,0,3,0,0%,0%,8.67,0
https://kaijo-fishing.com/blog/tactics/fish-strategy/fugu/intermediate/,0,0,3,2,0%,0%,9,27.5
https://kaijo-fishing.com/column/trivia/march-plankton-fish-vision-science/,0,0,3,1,0%,0%,9,1
https://kaijo-fishing.com/column/trivia/beginner-vs-experienced-cost/,0,0,3,0,0%,0%,9.33,0
https://kaijo-fishing.com/tactics/fish-strategy/hiramasa/intermediate/,0,0,3,0,0%,0%,9.33,0
https://kaijo-fishing.com/tactics/beginner/fish-senses,0,0,3,8,0%,0%,9.67,12.88
https://kaijo-fishing.com/blog/intelligence/2026-07-summary/,0,0,3,0,0%,0%,10.33,0
https://kaijo-fishing.com/fishing-facility/yura-marine-fishing-pond,0,1,3,79,0%,1.27%,10.33,12.54
https://kaijo-fishing.com/tactics/fish-strategy/fugu/theory,0,0,3,22,0%,0%,11.33,8.82
https://kaijo-fishing.com/category/akusesugaido/,0,0,3,0,0%,0%,12.67,0
https://kaijo-fishing.com/blog/awaji-family-trip/,0,0,3,2,0%,0%,14,9.5
https://kaijo-fishing.com/blog/ise-shima-access-guide,0,0,3,4,0%,0%,14.67,7.75
https://kaijo-fishing.com/blog/column/trivia/november-tournament-mindset-guide/,0,0,3,0,0%,0%,15,0
https://kaijo-fishing.com/column/trivia/april-beginner-3step-guide/,0,0,3,1,0%,0%,15.67,10
https://kaijo-fishing.com/blog/fishing-park-triton/,0,1,3,18,0%,5.56%,17,28.61
https://kaijo-fishing.com/column/travel/tabilmo-villa-stay-guide/,0,0,3,0,0%,0%,17.67,0
https://kaijo-fishing.com/fishing-facility/amakusa-leisure-land,0,0,3,0,0%,0%,29.67,0
https://kaijo-fishing.com/blog/column/trivia/march-sakuradai-targeting-guide/,0,0,2,0,0%,0%,2,0
https://kaijo-fishing.com/fishing-facility/saikakizaki-seapark,0,0,2,0,0%,0%,2,0
https://kaijo-fishing.com/blog/aging-fish-science,0,0,2,1,0%,0%,4,18
https://kaijo-fishing.com/blog/tactics/fish-strategy/mejina/,0,1,2,3,0%,33.33%,4,6.33
https://kaijo-fishing.com/column/trivia/august-sunglasses-guide/,0,0,2,4,0%,0%,4,4
https://kaijo-fishing.com/blog/tactics/fish-strategy/aji-asaba-kamasu/intermediate/,0,0,2,4,0%,0%,4.5,12
https://kaijo-fishing.com/fishing-facility/original-maker-sea-fishing-park,0,2,2,17,0%,11.76%,4.5,7.35
https://kaijo-fishing.com/tactics/fish-strategy/hiramasa/advanced,0,0,2,13,0%,0%,4.5,8.92
https://kaijo-fishing.com/blog/column/trivia/february-shirasagi-salmon-guide/,0,0,2,1,0%,0%,5,10
https://kaijo-fishing.com/blog/access-kinki,0,0,2,27,0%,0%,5.5,30
https://kaijo-fishing.com/blog/column/trivia/october-cold-snap-tana-prediction-guide/,0,0,2,0,0%,0%,5.5,0
https://kaijo-fishing.com/blog/tactics/beginner/gear-maintenance,0,0,2,0,0%,0%,5.5,0
https://kaijo-fishing.com/tactics/fish-strategy/madai/intermediate,0,0,2,1,0%,0%,5.5,15
https://kaijo-fishing.com/blog/column/trivia/october-autumn-white-fish-aging-guide/,0,0,2,0,0%,0%,6,0
https://kaijo-fishing.com/blog/kawahagi/intermediate/,0,0,2,1,0%,0%,6,18
https://kaijo-fishing.com/fishing-facility/east-japan/fukushima/,0,0,2,4,0%,0%,6.5,15.25
https://kaijo-fishing.com/blog/tactics/fish-strategy/kawahagi/gourmet/,0,0,2,7,0%,0%,7,14
https://kaijo-fishing.com/fishing-facility/yuharai-pond,0,0,2,12,0%,0%,7,9.17
https://kaijo-fishing.com/tactics/fish-strategy/aji-asaba-kamasu/theory,0,0,2,6,0%,0%,7,8.83
https://kaijo-fishing.com/blog/amami-sealand,0,0,2,1,0%,0%,7.5,8
https://kaijo-fishing.com/blog/tactics/fish-strategy/ishidai/strategy/,0,0,2,0,0%,0%,7.5,0
https://kaijo-fishing.com/column/travel/august-obon-family-fishing-guide/,0,0,2,0,0%,0%,7.5,0
https://kaijo-fishing.com/fishing-facility/osaka-sea-fishing-southern/,0,0,2,0,0%,0%,7.5,0
https://kaijo-fishing.com/tactics/fish-strategy/hiramasa,0,0,2,2,0%,0%,7.5,9
https://kaijo-fishing.com/blog/column/travel/january-minamiise-onsen-trip/,0,0,2,1,0%,0%,8,10
https://kaijo-fishing.com/column/trivia/april-pollen-yellow-sand-guide/,0,0,2,2,0%,0%,8,22
https://kaijo-fishing.com/column/trivia/february-cold-resistant-bait-top5/,0,0,2,1,0%,0%,8,10
https://kaijo-fishing.com/tactics/fish-strategy/fugu/intermediate,0,0,2,4,0%,0%,8,14.5
https://kaijo-fishing.com/tactics/fish-strategy/ishidai/strategy/,0,0,2,0,0%,0%,8,0
https://kaijo-fishing.com/blog/fish-pressure-mechanism/,0,0,2,5,0%,0%,8.5,20.8
https://kaijo-fishing.com/tactics/fish-strategy/mejina/advanced/,0,0,2,0,0%,0%,8.5,0
https://kaijo-fishing.com/blog/column/travel/august-summer-release-facilities/,0,0,2,0,0%,0%,9,0
https://kaijo-fishing.com/blog/intelligence/summer-bluefish-forecast/,0,1,2,20,0%,5%,9,8.1
https://kaijo-fishing.com/blog/tactics/fish-strategy/fugu/gourmet/,0,0,2,3,0%,0%,9,9
https://kaijo-fishing.com/fishing-facility/ousatsu-sea-fishing-center,0,0,2,0,0%,0%,9,0
https://kaijo-fishing.com/blog/tactics/fish-strategy/madai/gourmet/,0,1,2,13,0%,7.69%,9.5,9.15
https://kaijo-fishing.com/blog/tactics/fish-strategy/mejina/theory/,0,2,2,3,0%,66.67%,9.5,5.67
https://kaijo-fishing.com/column/trivia/may-uv-heatstroke-guide/,0,0,2,2,0%,0%,9.5,7
https://kaijo-fishing.com/fishing-facility/center-japan/toyama/,0,0,2,2,0%,0%,10,4
https://kaijo-fishing.com/tactics/fish-strategy/ishidai,0,1,2,16,0%,6.25%,10,26.44
https://kaijo-fishing.com/blog/column/trivia/april-beginner-3step-guide/,0,0,2,0,0%,0%,10.5,0
https://kaijo-fishing.com/blog/koueimaru/,0,0,2,6,0%,0%,10.5,10.83
https://kaijo-fishing.com/fishing-facility/west-japan/fukuoka/,0,0,2,10,0%,0%,11,44.4
https://kaijo-fishing.com/column/trivia/november-tournament-mindset-guide/,0,0,2,0,0%,0%,11.5,0
https://kaijo-fishing.com/blog/column/trivia/june-summer-shift-signs-guide/,0,0,2,2,0%,0%,12.5,3.5
https://kaijo-fishing.com/column/trivia/family-vs-solo-fishing/,0,0,2,8,0%,0%,12.5,8.5
https://kaijo-fishing.com/tactics/fish-strategy/isaki/gourmet,0,5,2,102,0%,4.9%,13,12.37
https://kaijo-fishing.com/blog/tactics/fish-strategy/kue/,0,0,2,3,0%,0%,13.5,12
https://kaijo-fishing.com/fishing-facility/amagasaki-city-sea-fishing-park/,0,0,2,2,0%,0%,13.5,7.5
https://kaijo-fishing.com/blog/madai/theory/,0,1,2,8,0%,12.5%,14.5,9.5
https://kaijo-fishing.com/blog/tactics/beginner/essential-knots/,0,0,2,0,0%,0%,18,0
https://kaijo-fishing.com/blog/column/travel/may-toshijima-toba-trip/,0,0,2,1,0%,0%,19.5,16
https://kaijo-fishing.com/fishing-facility/west-japan/saga/,0,0,2,8,0%,0%,20.5,27.75
https://kaijo-fishing.com/fishing-facility/west-japan/kagoshima,0,0,2,4,0%,0%,36,24
https://kaijo-fishing.com/blog/araibenten-sea-fishing-park,0,3,1,27,0%,11.11%,1,22.26
https://kaijo-fishing.com/blog/column/travel/july-naruto-whirlpool-trip/,0,0,1,3,0%,0%,1,6
https://kaijo-fishing.com/blog/intelligence/spring-2026-madai-report/,0,0,1,0,0%,0%,1,0
https://kaijo-fishing.com/blog/shimaji-strategy,0,0,1,2,0%,0%,1,10.5
https://kaijo-fishing.com/column/travel/access/setouchi-access-guide/,0,0,1,0,0%,0%,1,0
https://kaijo-fishing.com/fishing-facility/maizuru-shinkai-park/tachiuo,0,0,1,0,0%,0%,1,0
https://kaijo-fishing.com/blog/column/trivia/august-sunglasses-guide/,0,0,1,0,0%,0%,2,0
https://kaijo-fishing.com/blog/tactics/fish-strategy/ishidai/theory/,0,0,1,4,0%,0%,2,8
https://kaijo-fishing.com/column/trivia/june-summer-rig-prep-guide/,0,0,1,0,0%,0%,2,0
https://kaijo-fishing.com/tactics/beginner/essential-knots,0,0,1,1,0%,0%,2,14
https://kaijo-fishing.com/tactics/fish-strategy/isaki/theory,0,0,1,3,0%,0%,2,9.67
https://kaijo-fishing.com/blog/access-tokai,0,1,1,3,0%,33.33%,3,7.67
https://kaijo-fishing.com/blog/column/trivia/family-vs-solo-fishing/,0,0,1,0,0%,0%,4,0
https://kaijo-fishing.com/blog/intelligence/kansai-vs-kanto-spring,0,0,1,1,0%,0%,4,3
https://kaijo-fishing.com/blog/tactics/fish-strategy/buri/strategy/,0,0,1,2,0%,0%,4,9.5
https://kaijo-fishing.com/blog/why-expensive-fish/,0,0,1,8,0%,0%,4,9.25
https://kaijo-fishing.com/column/trivia/acclimatization-science,0,0,1,1,0%,0%,4,5
https://kaijo-fishing.com/blog/column/travel/november-izu-autumn-leaves-trip/,0,0,1,0,0%,0%,5,0
https://kaijo-fishing.com/blog/column/trivia/october-olive-hamachi-guide/,0,0,1,0,0%,0%,5,0
https://kaijo-fishing.com/blog/wild-vs-farmed-taste,0,0,1,8,0%,0%,5,16.5
https://kaijo-fishing.com/category/shi1-she4-shao4-jie4/3/,0,0,1,3,0%,0%,5,4.67
https://kaijo-fishing.com/blog/wild-vs-farmed-taste/,0,1,1,2,0%,50%,6,4
https://kaijo-fishing.com/column/travel/access/access-kinki,0,0,1,3,0%,0%,6,7.67
https://kaijo-fishing.com/column/trivia/aging-fish-science,0,0,1,1,0%,0%,6,6
https://kaijo-fishing.com/column/trivia/january-new-year-reservation-guide/,0,0,1,3,0%,0%,6,18.67
https://kaijo-fishing.com/tactics/fish-strategy/kue/intermediate,0,0,1,12,0%,0%,6,9.75
https://kaijo-fishing.com/tactics/fish-strategy/madai/intermediate/,0,0,1,0,0%,0%,6,0
https://kaijo-fishing.com/tactics/fish-strategy/shimaji/gourmet,0,1,1,17,0%,5.88%,6,7.35
https://kaijo-fishing.com/blog/column/trivia/march-plankton-fish-vision-science/,0,0,1,0,0%,0%,7,0
https://kaijo-fishing.com/blog/naize-fishing-center/,0,0,1,53,0%,0%,7,9.94
https://kaijo-fishing.com/blog/tactics/fish-strategy/isaki/advanced/,0,2,1,14,0%,14.29%,7,10.86
https://kaijo-fishing.com/blog/tactics/fish-strategy/isaki/theory/,0,0,1,0,0%,0%,7,0
https://kaijo-fishing.com/blog/tactics/fish-strategy/kanpachi/advanced/,0,0,1,0,0%,0%,7,0
https://kaijo-fishing.com/blog/tactics/fish-strategy/mejina/intermediate/,0,0,1,2,0%,0%,7,12
https://kaijo-fishing.com/category/rigaido/2/,0,0,1,0,0%,0%,7,0
https://kaijo-fishing.com/column/trivia/true-dai-cooking/,0,0,1,25,0%,0%,7,11.28
https://kaijo-fishing.com/tactics/fish-strategy/kanpachi/intermediate,0,0,1,1,0%,0%,7,6
https://kaijo-fishing.com/blog/column/trivia/beginner-vs-experienced-cost,0,0,1,0,0%,0%,8,0
https://kaijo-fishing.com/blog/column/trivia/may-gomoku-tana-strategy/,0,0,1,0,0%,0%,8,0
https://kaijo-fishing.com/blog/column/trivia/november-bottom-fishing-guide/,0,0,1,0,0%,0%,8,0
https://kaijo-fishing.com/blog/column/trivia/october-tackle-tools-guide/,0,0,1,0,0%,0%,8,0
https://kaijo-fishing.com/blog/myaku-fishing-vs-uki,0,0,1,15,0%,0%,8,24.13
https://kaijo-fishing.com/fishing-facility/east-japan/yamagata,0,0,1,0,0%,0%,8,0
https://kaijo-fishing.com/fishing-facility/kamae-sea-fishing-tsunchaoh/,0,0,1,4,0%,0%,8,9
https://kaijo-fishing.com/fishing-facility/motobu-fishing-ikada-umiseikatsu,0,0,1,0,0%,0%,8,0
https://kaijo-fishing.com/fishing-facility/shimanami-kaido-fishing-park,0,0,1,23,0%,0%,8,9.78
https://kaijo-fishing.com/tactics/fish-strategy/ishidai/advanced,0,0,1,6,0%,0%,8,9.83
https://kaijo-fishing.com/blog/column/trivia/june-fresh-fish-quick-recipe-guide/,0,0,1,2,0%,0%,9,5
https://kaijo-fishing.com/blog/tactics/beginner/fish-senses,0,0,1,8,0%,0%,9,13.88
https://kaijo-fishing.com/blog/tactics/fish-strategy/buri/theory/,0,0,1,6,0%,0%,9,12.67
https://kaijo-fishing.com/blog/tactics/fish-strategy/madai/intermediate/,0,0,1,0,0%,0%,9,0
https://kaijo-fishing.com/blog/tactics/fish-strategy/tide-wind-calculation/,0,0,1,5,0%,0%,9,9.6
https://kaijo-fishing.com/fishing-facility/ikadatsuri-tokai,0,0,1,3,0%,0%,9,7.67
https://kaijo-fishing.com/tactics/fish-strategy/fugu/gourmet,0,0,1,0,0%,0%,9,0
https://kaijo-fishing.com/blog/edogawa-sea-fishing-park/,0,0,1,6,0%,0%,10,7.17
https://kaijo-fishing.com/blog/tactics/fish-strategy/mejina/advanced/,0,0,1,5,0%,0%,10,7.6
https://kaijo-fishing.com/blog/tactics/gear/safety-gear-guide,0,0,1,5,0%,0%,10,6.6
https://kaijo-fishing.com/fishing-facility/koueimaru,0,0,1,0,0%,0%,10,0
https://kaijo-fishing.com/tactics/fish-strategy/buri/advanced/,0,0,1,0,0%,0%,10,0
https://kaijo-fishing.com/tactics/fish-strategy/mejina/intermediate,0,1,1,3,0%,33.33%,10,6.67
https://kaijo-fishing.com/blog/awaji-janohire-fishing-park/,0,0,1,16,0%,0%,11,20.94
https://kaijo-fishing.com/category/rirankingu/,0,0,1,0,0%,0%,11,0
https://kaijo-fishing.com/column/travel/access/access-tokai,0,0,1,9,0%,0%,11,6.11
https://kaijo-fishing.com/tactics/fish-strategy/aji-asaba-kamasu/gourmet,0,0,1,4,0%,0%,11,7.75
https://kaijo-fishing.com/tactics/fish-strategy/buri/strategy,0,0,1,7,0%,0%,11,10.43
https://kaijo-fishing.com/tactics/fish-strategy/chinu/theory,0,0,1,10,0%,0%,11,10.7
https://kaijo-fishing.com/column/trivia/december-furusato-nozei-fishing-guide/,0,0,1,0,0%,0%,12,0
https://kaijo-fishing.com/blog/aging-fish-science/,0,0,1,3,0%,0%,13,16.67
https://kaijo-fishing.com/blog/column/trivia/january-low-activity-tai-luring-guide/,0,0,1,0,0%,0%,15,0
https://kaijo-fishing.com/blog/tactics/fish-strategy/madai/advanced/,0,0,1,6,0%,0%,16,7.5
https://kaijo-fishing.com/fishing-facility/east-japan/iwate/,0,1,1,6,0%,16.67%,18,16
https://kaijo-fishing.com/fishing-facility/west-japan/oita,0,0,1,1,0%,0%,18,9
https://kaijo-fishing.com/blog/column/trivia/true-dai-cooking/,0,0,1,0,0%,0%,20,0
https://kaijo-fishing.com/tactics/fish-strategy/chinu/intermediate,0,0,1,15,0%,0%,20,19.33
https://kaijo-fishing.com/blog/column/travel/february-chiba-strawberry-picking-trip/,0,0,1,0,0%,0%,26,0
https://kaijo-fishing.com/blog/intelligence/2026-03-w13/,0,0,1,3,0%,0%,26,8.67
https://kaijo-fishing.com/blog/column/trivia/december-cold-weather-gear-guide/,0,0,1,0,0%,0%,27,0
https://kaijo-fishing.com/fishing-facility/west-japan/kochi/,0,0,1,6,0%,0%,33,31.17
https://kaijo-fishing.com/column/travel/january-minamiise-onsen-trip/,0,0,1,1,0%,0%,36,6
https://kaijo-fishing.com/fishing-facility/west-japan/fukuoka,0,0,1,1,0%,0%,37,41
https://kaijo-fishing.com/blog/access-kinki/,0,0,1,21,0%,0%,38,7.71
https://kaijo-fishing.com/fishing-facility/center-japan/ishikawa/,0,0,1,2,0%,0%,43,10.5
https://kaijo-fishing.com/tactics/fish-strategy/shimaji/advanced,0,0,1,0,0%,0%,52,0
https://kaijo-fishing.com/tactics/beginner/fishing-gear-basics,0,0,1,3,0%,0%,57,15.67
https://kaijo-fishing.com/blog/tactics/beginner/fishing-gear-basics,0,0,1,4,0%,0%,78,80
https://kaijo-fishing.com/blog/sea-fishing-park-mikata/,0,140,0,1196,0%,11.71%,0,6.63
https://kaijo-fishing.com/blog/himeji-city-fishing-center,0,40,0,528,0%,7.58%,0,6.36
https://kaijo-fishing.com/2025/07/westjapan/kyusyu/kyusyu-matome/,0,9,0,128,0%,7.03%,0,11.65
https://kaijo-fishing.com/2025/07/westjapan/kansai/matomekiji-kansai/,0,8,0,101,0%,7.92%,0,13.34
https://kaijo-fishing.com/blog/wakayama-marinacity-fishing-park,0,7,0,119,0%,5.88%,0,19.18
https://kaijo-fishing.com/fishing-facility/west-japan/okinawa/itoman-ikada-tsurigu-no-zousan,0,7,0,108,0%,6.48%,0,10.67
https://kaijo-fishing.com/fishing-facility/west-japan/miyazaki/shibushi-bay-daikoku-dolphin-land/,0,7,0,65,0%,10.77%,0,13.95
https://kaijo-fishing.com/2025/09/howto/fishingwear-osusume-kaijyo/,0,7,0,51,0%,13.73%,0,7.39
https://kaijo-fishing.com/fishing-facility/west-japan/kagoshima/kamoike-sea-fishing-park/,0,6,0,120,0%,5%,0,14.79
https://kaijo-fishing.com/fishing-facility/center-japan/fukui/akaguri-sea-fishing-park/,0,6,0,91,0%,6.59%,0,23.09
https://kaijo-fishing.com/fishing-facility/west-japan/kagawa/shodoshima-furusatomura-fishing-pier/,0,6,0,40,0%,15%,0,9.32
https://kaijo-fishing.com/blog/sea-fishing-park-mikata,0,6,0,32,0%,18.75%,0,9.62
https://kaijo-fishing.com/2025/07/westjapan/kansai/maidurupark-kyoto/,0,5,0,175,0%,2.86%,0,12.19
https://kaijo-fishing.com/fishing-facility/center-japan/shizuoka/araibenten-sea-fishing-park/,0,5,0,102,0%,4.9%,0,20.54
https://kaijo-fishing.com/fishing-facility/west-japan/fukuoka/waita-sea-fishing-pier,0,5,0,100,0%,5%,0,11.66
https://kaijo-fishing.com/fishing-facility/west-japan/hyogo/suihou-fishing-pond,0,5,0,74,0%,6.76%,0,18.81
https://kaijo-fishing.com/2025/07/westjapan/kyusyu/sibusiiruka-kyusyu/,0,5,0,71,0%,7.04%,0,9.69
https://kaijo-fishing.com/2025/09/chubu/chubu-tokai/mie-kaijyo-matome-sitasyori/,0,5,0,64,0%,7.81%,0,15.8
https://kaijo-fishing.com/2025/07/chubu/chubu-tokai/ousatsuturi-mie/,0,5,0,53,0%,9.43%,0,9.17
https://kaijo-fishing.com/2025/07/chubu/chubu-tokai/sinmaikomarin-aichi/,0,5,0,53,0%,9.43%,0,26.91
https://kaijo-fishing.com/fishing-facility/center-japan/fukui/seapark-nyu,0,5,0,39,0%,12.82%,0,11.03
https://kaijo-fishing.com/blog/yura-marine-fishing-pond,0,5,0,33,0%,15.15%,0,18.76
https://kaijo-fishing.com/2025/07/westjapan/okinawa/itoman-ikada/,0,5,0,31,0%,16.13%,0,8.35
https://kaijo-fishing.com/fishing-facility/west-japan/hyogo/sea-fishing-pond-kaikei/,0,4,0,236,0%,1.69%,0,15.69
https://kaijo-fishing.com/2025/09/westjapan/kansai/akasi-atsea/,0,4,0,205,0%,1.95%,0,11.11
https://kaijo-fishing.com/2025/07/westjapan/kyusyu/jumbfishvill-kyusyu/,0,4,0,146,0%,2.74%,0,9.47
https://kaijo-fishing.com/fishing-facility/center-japan/ishikawa/notojima-sea-fishing-center/,0,4,0,66,0%,6.06%,0,17.02
https://kaijo-fishing.com/2025/07/westjapan/shikoku/shikoku-matome/,0,4,0,59,0%,6.78%,0,10.81
https://kaijo-fishing.com/fishing-facility/sea-fishing-park-mikata,0,4,0,55,0%,7.27%,0,8.69
https://kaijo-fishing.com/blog/amakusa-rakutsuri,0,4,0,51,0%,7.84%,0,11.47
https://kaijo-fishing.com/2025/08/howto/turiborihowto-kougakuseikyu/,0,4,0,38,0%,10.53%,0,6.61
https://kaijo-fishing.com/blog/tsuribori-kishu,0,4,0,32,0%,12.5%,0,8.28
https://kaijo-fishing.com/blog/susawan-fishing-park,0,4,0,31,0%,12.9%,0,7.84
https://kaijo-fishing.com/2025/07/westjapan/kansai/saigasaki-park/,0,4,0,21,0%,19.05%,0,12.57
https://kaijo-fishing.com/blog/family-tsuribori-tsutteminde,0,3,0,101,0%,2.97%,0,10.5
https://kaijo-fishing.com/fishing-facility/nanko-fishing-park,0,3,0,98,0%,3.06%,0,21.34
https://kaijo-fishing.com/fishing-facility/west-japan/kumamoto/sea-fishing-land/,0,3,0,89,0%,3.37%,0,12.18
https://kaijo-fishing.com/blog/waita-sea-fishing-pier,0,3,0,83,0%,3.61%,0,9.53
https://kaijo-fishing.com/2025/07/chubu/chubu-hokuriku/hiruga-fishiland/,0,3,0,74,0%,4.05%,0,18.38
https://kaijo-fishing.com/2025/07/westjapan/chugoku/shimanami-turibori/,0,3,0,68,0%,4.41%,0,16.94
https://kaijo-fishing.com/blog/suma-sea-fishing-park/,0,3,0,67,0%,4.48%,0,9.76
https://kaijo-fishing.com/blog/maizuru-shinkai-park,0,3,0,61,0%,4.92%,0,14.07
https://kaijo-fishing.com/blog/kariyawan-fishing-center,0,3,0,52,0%,5.77%,0,22.37
https://kaijo-fishing.com/blog/fishing-park-toi/,0,3,0,43,0%,6.98%,0,12.19
https://kaijo-fishing.com/blog/naoshima-fishing-park,0,3,0,37,0%,8.11%,0,10.03
https://kaijo-fishing.com/fishing-facility/obama-city-fishing-coop-raft,0,3,0,26,0%,11.54%,0,7.58
https://kaijo-fishing.com/blog/itoman-ikada-tsurigu-no-zousan,0,3,0,26,0%,11.54%,0,8.19
https://kaijo-fishing.com/blog/ishidai/theory,0,3,0,11,0%,27.27%,0,5.36
https://kaijo-fishing.com/fishing-facility/west-japan/hyogo/kaijo-tsuribori-at-sea/,0,2,0,236,0%,0.85%,0,11.1
https://kaijo-fishing.com/2025/07/chubu/chubu-tokai/anatani-mie/,0,2,0,198,0%,1.01%,0,9.56
https://kaijo-fishing.com/2025/07/westjapan/kyusyu/wakitaturisanbashi-kyusyu/,0,2,0,126,0%,1.59%,0,8.57
https://kaijo-fishing.com/blog/sendai-port-central-park-sea-square,0,2,0,116,0%,1.72%,0,8.75
https://kaijo-fishing.com/2025/07/chubu/chubu-tokai/toyohamaturi-aichi/,0,2,0,88,0%,2.27%,0,14.23
https://kaijo-fishing.com/2025/07/westjapan/shikoku/furusato-sanbashi/,0,2,0,83,0%,2.41%,0,7.46
https://kaijo-fishing.com/2025/07/westjapan/chugoku/fishingpark-hikari/,0,2,0,69,0%,2.9%,0,14.55
https://kaijo-fishing.com/2025/07/chubu/chubu-tokai/araibentenumi-shizuoka/,0,2,0,69,0%,2.9%,0,26.09
https://kaijo-fishing.com/2025/09/howto/初心者必見！海上釣り堀の魚持ち帰り＆捌きサー/,0,2,0,65,0%,3.08%,0,13.23
https://kaijo-fishing.com/2025/07/westjapan/kyusyu/yunojifispark-kyusyu/,0,2,0,58,0%,3.45%,0,10.09
https://kaijo-fishing.com/fishing-facility/west-japan/kyoto/maizuru-shinkai-park/,0,2,0,57,0%,3.51%,0,17.72
https://kaijo-fishing.com/2025/07/eastjapan/kanto/kantou-matome/,0,2,0,50,0%,4%,0,25.24
https://kaijo-fishing.com/fishing-facility/east-japan/miyagi/sendai-port-central-park-sea-square,0,2,0,47,0%,4.26%,0,12.28
https://kaijo-fishing.com/2025/07/chubu/chubu-tokai/paritoriton-mie/,0,2,0,47,0%,4.26%,0,23.36
https://kaijo-fishing.com/blog/umizuri-port-tajiri,0,2,0,41,0%,4.88%,0,10.15
https://kaijo-fishing.com/fishing-facility/west-japan/wakayama/saikakizaki-seapark/,0,2,0,40,0%,5%,0,23.9
https://kaijo-fishing.com/fishing-facility/west-japan/hyogo/himeji-city-fishing-center/,0,2,0,37,0%,5.41%,0,14.78
https://kaijo-fishing.com/blog/kakata-fishing-pond,0,2,0,33,0%,6.06%,0,9.76
https://kaijo-fishing.com/blog/fugu/theory/,0,2,0,32,0%,6.25%,0,8.69
https://kaijo-fishing.com/blog/kamoike-sea-fishing-park,0,2,0,32,0%,6.25%,0,17.72
https://kaijo-fishing.com/2025/07/chubu/chubu-hokuriku/fishbridge-akasaki/,0,2,0,28,0%,7.14%,0,8.32
https://kaijo-fishing.com/fishing-facility/west-japan/kumamoto/kaijo-tsuribori-tsuriichi/,0,2,0,26,0%,7.69%,0,11.46
https://kaijo-fishing.com/column/travel/kagawa-shodoshima-trip,0,2,0,25,0%,8%,0,8.32
https://kaijo-fishing.com/2026/02/fishingtech/winter-target-kurosoi-salmon-guide/,0,2,0,25,0%,8%,0,10.12
https://kaijo-fishing.com/blog/ikadatsuri-tokai,0,2,0,24,0%,8.33%,0,21.46
https://kaijo-fishing.com/blog/yunoko-fishing-park,0,2,0,23,0%,8.7%,0,11.22
https://kaijo-fishing.com/blog/shimanami-kaido-fishing-park,0,2,0,23,0%,8.7%,0,14.22
https://kaijo-fishing.com/fishing-facility/hiruga-sea-fishing-pond,0,2,0,21,0%,9.52%,0,18.05
https://kaijo-fishing.com/fishing-facility/west-japan/mie/kaijo-tsuribori-benya,0,2,0,19,0%,10.53%,0,36.16
https://kaijo-fishing.com/blog/kaijo-tsuribori-opa,0,2,0,18,0%,11.11%,0,8.11
https://kaijo-fishing.com/blog/tsuribori-maruyo,0,2,0,17,0%,11.76%,0,8.06
https://kaijo-fishing.com/fishing-facility/west-japan/ehime/searoad-yawatahama/,0,2,0,17,0%,11.76%,0,18.88
https://kaijo-fishing.com/fishing-facility/akaguri-sea-fishing-park,0,2,0,15,0%,13.33%,0,7
https://kaijo-fishing.com/blog/searoad-yawatahama,0,2,0,15,0%,13.33%,0,8.2
https://kaijo-fishing.com/fishing-facility/west-japan/hiroshima/shimanami-kaido-fishing-park,0,2,0,13,0%,15.38%,0,15.62
https://kaijo-fishing.com/2025/09/fishingtech/simaaji-nazetureru/,0,2,0,12,0%,16.67%,0,21.33
https://kaijo-fishing.com/2025/07/chubu/chubu-tokai/matunasefish-mie/,0,2,0,11,0%,18.18%,0,15.36
https://kaijo-fishing.com/blog/shimaji/theory/,0,2,0,10,0%,20%,0,7.5
https://kaijo-fishing.com/blog/kaijo-tsuribori-tairyomaru,0,2,0,10,0%,20%,0,11.8
https://kaijo-fishing.com/blog/tactics/gear/reel-and-line,0,2,0,9,0%,22.22%,0,10.33
https://kaijo-fishing.com/blog/ishidai-strategy,0,2,0,8,0%,25%,0,9.62
https://kaijo-fishing.com/tactics/fish-strategy/kawahagi,0,2,0,8,0%,25%,0,18
https://kaijo-fishing.com/blog/fugu-strategy,0,2,0,2,0%,100%,0,7.5
https://kaijo-fishing.com/fishing-facility/west-japan/osaka/totto-park-koshima/,0,1,0,163,0%,0.61%,0,13.13
https://kaijo-fishing.com/2025/10/コラム/海上釣り堀の料金比較【関東・関西・九州】コス/,0,1,0,138,0%,0.72%,0,9.92
https://kaijo-fishing.com/fishing-facility/west-japan/fukuoka/fukuoka-city-sea-fishing-park/,0,1,0,101,0%,0.99%,0,29.13
https://kaijo-fishing.com/2025/07/westjapan/kyusyu/turihamakatu-kyusyu/,0,1,0,76,0%,1.32%,0,10.93
https://kaijo-fishing.com/fishing-facility/west-japan/osaka/nanko-fishing-park/,0,1,0,73,0%,1.37%,0,25.99
https://kaijo-fishing.com/2025/07/westjapan/kansai/turibori-kaiei/,0,1,0,68,0%,1.47%,0,16.04
https://kaijo-fishing.com/2025/07/westjapan/chugoku/chugoku-matome/,0,1,0,61,0%,1.64%,0,14.16
https://kaijo-fishing.com/fishing-facility/center-japan/aichi/shinojima-tsuri-tengoku/,0,1,0,60,0%,1.67%,0,20.38
https://kaijo-fishing.com/fishing-facility/kaijo-tsuribori-kaiyu,0,1,0,57,0%,1.75%,0,11.04
https://kaijo-fishing.com/blog/jumbo-fishing-mura,0,1,0,53,0%,1.89%,0,18.6
https://kaijo-fishing.com/2025/09/howto/season-fishselect/,0,1,0,48,0%,2.08%,0,7.98
https://kaijo-fishing.com/fishing-facility/west-japan/mie/matsunase-fishing-park/,0,1,0,47,0%,2.13%,0,34.13
https://kaijo-fishing.com/fishing-facility/jogashima-js-fishing,0,1,0,46,0%,2.17%,0,17.72
https://kaijo-fishing.com/fishing-facility/west-japan/hyogo/kobe-hiraiso-sea-fishing-park/,0,1,0,46,0%,2.17%,0,30.72
https://kaijo-fishing.com/fishing-facility/fukuoka-city-sea-fishing-park,0,1,0,46,0%,2.17%,0,32
https://kaijo-fishing.com/fishing-facility/west-japan/kagoshima/sakurajima-sea-fishing-park/,0,1,0,42,0%,2.38%,0,13.21
https://kaijo-fishing.com/2025/07/chubu/chubu-hokuriku/hiruga-kaijoturi/,0,1,0,42,0%,2.38%,0,20.9
https://kaijo-fishing.com/2025/09/westjapan/kansai/wakayama-kaijyo-matome-sitasyori/,0,1,0,41,0%,2.44%,0,29.27
https://kaijo-fishing.com/2025/07/eastjapan/tohoku/sendai-cenpark/,0,1,0,38,0%,2.63%,0,18.76
https://kaijo-fishing.com/2025/07/westjapan/shikoku/naoshima-turikouen/,0,1,0,34,0%,2.94%,0,11.97
https://kaijo-fishing.com/blog/nanko-fishing-park,0,1,0,34,0%,2.94%,0,15.79
https://kaijo-fishing.com/fishing-facility/center-japan/fukui/obama-city-fishing-coop-raft/,0,1,0,34,0%,2.94%,0,18.12
https://kaijo-fishing.com/blog/futomi-flower-isotsuri-center,0,1,0,33,0%,3.03%,0,11.15
https://kaijo-fishing.com/2025/07/chubu/chubu-tokai/mihamafishpark-aichi/,0,1,0,32,0%,3.12%,0,28.78
https://kaijo-fishing.com/blog/tsuruga-city-sea-fishing-park,0,1,0,30,0%,3.33%,0,12.3
https://kaijo-fishing.com/fishing-facility/east-japan/hokkaido/tomakomai-facility/tomakomai-port-sea-fishing-facility,0,1,0,30,0%,3.33%,0,23.47
https://kaijo-fishing.com/2025/07/westjapan/kyusyu/umiduriland-kyusyu/,0,1,0,29,0%,3.45%,0,12.62
https://kaijo-fishing.com/2026/01/fishingtech/winter-salmon-strategy/,0,1,0,27,0%,3.7%,0,10.44
https://kaijo-fishing.com/2025/07/chubu/chubu-hokuriku/notojima-rinkaisen/,0,1,0,27,0%,3.7%,0,16.33
https://kaijo-fishing.com/fishing-facility/west-japan/kagawa/naoshima-fishing-park,0,1,0,25,0%,4%,0,14.28
https://kaijo-fishing.com/blog/yuharai-pond,0,1,0,24,0%,4.17%,0,7.96
https://kaijo-fishing.com/blog/ishidai/theory/,0,1,0,23,0%,4.35%,0,6.96
https://kaijo-fishing.com/2025/09/howto/海上釣り堀でマグロに挑戦！初心者向け完全ガイ/,0,1,0,23,0%,4.35%,0,11.26
https://kaijo-fishing.com/blog/shibushi-bay-daikoku-dolphin-land,0,1,0,22,0%,4.55%,0,7.55
https://kaijo-fishing.com/blog/takashima-tobishima-isotsuri-park,0,1,0,22,0%,4.55%,0,12.23
https://kaijo-fishing.com/blog/fishing-park-hikari,0,1,0,22,0%,4.55%,0,14.68
https://kaijo-fishing.com/fishing-facility/west-japan/kumamoto/amakusa-leisure-land,0,1,0,22,0%,4.55%,0,15.5
https://kaijo-fishing.com/blog/hiake-kaikyo-fishing-park,0,1,0,21,0%,4.76%,0,13.24
https://kaijo-fishing.com/blog/jogashima-js-fishing,0,1,0,21,0%,4.76%,0,14.57
https://kaijo-fishing.com/2025/07/westjapan/kyusyu/takasitobisikma-kyusyu/,0,1,0,21,0%,4.76%,0,15.33
https://kaijo-fishing.com/2025/07/chubu/chubu-hokuriku/wakasa-takahama/,0,1,0,21,0%,4.76%,0,20.76
https://kaijo-fishing.com/fishing-facility/kaijo-tsuribori-at-sea,0,1,0,20,0%,5%,0,7.7
https://kaijo-fishing.com/fishing-facility/center-japan/shizuoka/ikadatsuri-tokai,0,1,0,20,0%,5%,0,25.4
https://kaijo-fishing.com/blog/hasamaura-fishing-center,0,1,0,19,0%,5.26%,0,9.89
https://kaijo-fishing.com/blog/matsunase-fishing-park,0,1,0,19,0%,5.26%,0,14.79
https://kaijo-fishing.com/2025/07/westjapan/shikoku/hamabe-tosen/,0,1,0,19,0%,5.26%,0,16.63
https://kaijo-fishing.com/blog/fishing-park-omishima,0,1,0,17,0%,5.88%,0,31.41
https://kaijo-fishing.com/tactics/beginner/tide-basics,0,1,0,17,0%,5.88%,0,48.76
https://kaijo-fishing.com/2025/07/westjapan/kansai/turibori-kisyu/,0,1,0,16,0%,6.25%,0,8.69
https://kaijo-fishing.com/blog/fishing-bridge-akasaki,0,1,0,16,0%,6.25%,0,8.75
https://kaijo-fishing.com/fishing-facility/west-japan/mie/ousatsu-sea-fishing-center,0,1,0,16,0%,6.25%,0,9.19
https://kaijo-fishing.com/2025/07/westjapan/kansai/minamikouturi-osaka/,0,1,0,16,0%,6.25%,0,43.31
https://kaijo-fishing.com/2025/07/chubu/chubu-tokai/atamikouumidu-shizoka/,0,1,0,15,0%,6.67%,0,11.67
https://kaijo-fishing.com/fishing-facility/center-japan/fukui/akaguri-sea-fishing-park,0,1,0,15,0%,6.67%,0,18.6
https://kaijo-fishing.com/blog/niigata-east-port-2nd-east-breakwater,0,1,0,14,0%,7.14%,0,6.21
https://kaijo-fishing.com/blog/intelligence/summer-bluefish-forecast,0,1,0,14,0%,7.14%,0,6.43
https://kaijo-fishing.com/fishing-facility/west-japan/hyogo/himeji-city-fishing-center,0,1,0,14,0%,7.14%,0,11.86
https://kaijo-fishing.com/blog/suzuki/intermediate/,0,1,0,14,0%,7.14%,0,17.43
https://kaijo-fishing.com/2025/07/chubu/chubu-tokai/chubutokai-matome/,0,1,0,13,0%,7.69%,0,10.54
https://kaijo-fishing.com/blog/kaijo-tsuribori-tsuriichi,0,1,0,12,0%,8.33%,0,7.25
https://kaijo-fishing.com/blog/tactics/beginner/bait-guide,0,1,0,12,0%,8.33%,0,11
https://kaijo-fishing.com/blog/kashikojima-fishing-park-kaiyuen,0,1,0,12,0%,8.33%,0,12.67
https://kaijo-fishing.com/blog/kaijo-tsuribori-misaki,0,1,0,12,0%,8.33%,0,16.33
https://kaijo-fishing.com/blog/kaijo-tsuribori-benya,0,1,0,12,0%,8.33%,0,26.17
https://kaijo-fishing.com/fishing-facility/tsuruga-city-sea-fishing-park,0,1,0,11,0%,9.09%,0,6.73
https://kaijo-fishing.com/blog/kaijo-tsuribori-yuasa,0,1,0,11,0%,9.09%,0,7.27
https://kaijo-fishing.com/blog/koueimaru,0,1,0,11,0%,9.09%,0,10.18
https://kaijo-fishing.com/2025/07/westjapan/chugoku/susawan-fising/,0,1,0,11,0%,9.09%,0,10.64
https://kaijo-fishing.com/2025/09/コラム/colum-turibunkasaikou/,0,1,0,11,0%,9.09%,0,12.36
https://kaijo-fishing.com/blog/seapark-nyu,0,1,0,11,0%,9.09%,0,13.18
https://kaijo-fishing.com/fishing-facility/fishing-rainbow,0,1,0,11,0%,9.09%,0,16.09
https://kaijo-fishing.com/blog/kobe-hiraiso-sea-fishing-park,0,1,0,11,0%,9.09%,0,17.73
https://kaijo-fishing.com/fishing-facility/shinmaiko-marine-park-fishing,0,1,0,11,0%,9.09%,0,28.27
https://kaijo-fishing.com/blog/tsuribori-hamakatsu,0,1,0,10,0%,10%,0,8.2
https://kaijo-fishing.com/blog/tactics/gear/uki-setup,0,1,0,10,0%,10%,0,14.3
https://kaijo-fishing.com/fishing-facility/west-japan/nagasaki/tsuribori-hamakatsu,0,1,0,10,0%,10%,0,17.1
https://kaijo-fishing.com/fishing-facility/west-japan/mie,0,1,0,10,0%,10%,0,23.2
https://kaijo-fishing.com/column/travel/access/access-kanto,0,1,0,10,0%,10%,0,23.4
https://kaijo-fishing.com/blog/miura-kaiou,0,1,0,9,0%,11.11%,0,7
https://kaijo-fishing.com/2025/07/westjapan/kansai/himejiyuugi-hyogo/,0,1,0,9,0%,11.11%,0,14.44
https://kaijo-fishing.com/fishing-facility/center-japan/fukui/obama-city-fishing-coop-raft,0,1,0,9,0%,11.11%,0,16.67
https://kaijo-fishing.com/fishing-facility/west-japan/hyogo/suihou-fishing-pond/,0,1,0,9,0%,11.11%,0,16.89
https://kaijo-fishing.com/blog/ise-shima-model-plan/,0,1,0,8,0%,12.5%,0,6.88
https://kaijo-fishing.com/fishing-facility/niigata-east-port-2nd-east-breakwater,0,1,0,8,0%,12.5%,0,7.25
https://kaijo-fishing.com/blog/sea-fishing-land,0,1,0,8,0%,12.5%,0,9
https://kaijo-fishing.com/category/eastjapan/hokkaido/,0,1,0,8,0%,12.5%,0,9.88
https://kaijo-fishing.com/fishing-facility/east-japan/aomori/asamushi-sea-fishing-park,0,1,0,8,0%,12.5%,0,11.75
https://kaijo-fishing.com/fishing-facility/kashikojima-fishing-park-kaiyuen,0,1,0,8,0%,12.5%,0,15.12
https://kaijo-fishing.com/column/trivia/myaku-fishing-vs-uki,0,1,0,8,0%,12.5%,0,18.12
https://kaijo-fishing.com/fishing-facility/west-japan/osaka/kaijo-tsuribori-misaki,0,1,0,8,0%,12.5%,0,21.88
https://kaijo-fishing.com/blog/tomakomai-port-sea-fishing-facility,0,1,0,8,0%,12.5%,0,24.62
https://kaijo-fishing.com/tactics/fish-strategy/madai/theory,0,1,0,7,0%,14.29%,0,6.43
https://kaijo-fishing.com/blog/kanagawa-miura-trip/,0,1,0,7,0%,14.29%,0,8.14
https://kaijo-fishing.com/fishing-facility/west-japan/saga/kariyawan-fishing-center,0,1,0,7,0%,14.29%,0,11.86
https://kaijo-fishing.com/2026/01/fishingtech/buri-fishing-guide/,0,1,0,7,0%,14.29%,0,13
https://kaijo-fishing.com/blog/bakucho-mihama-fishing-park,0,1,0,7,0%,14.29%,0,20.86
https://kaijo-fishing.com/blog/motobu-fishing-ikada-umiseikatsu,0,1,0,7,0%,14.29%,0,31
https://kaijo-fishing.com/fishing-facility/west-japan/mie/fishing-park-triton/,0,1,0,7,0%,14.29%,0,31.14
https://kaijo-fishing.com/blog/why-fish-delicious,0,1,0,6,0%,16.67%,0,3.83
https://kaijo-fishing.com/tactics/gear/rod-selection,0,1,0,6,0%,16.67%,0,7.83
https://kaijo-fishing.com/blog/tactics/fish-strategy/ishidai/,0,1,0,6,0%,16.67%,0,11.17
https://kaijo-fishing.com/blog/tactics/gear/safety-gear-guide/,0,1,0,6,0%,16.67%,0,12.33
https://kaijo-fishing.com/blog/hiramasa/advanced,0,1,0,6,0%,16.67%,0,13.33
https://kaijo-fishing.com/blog/sashimi-value-comparison,0,1,0,5,0%,20%,0,4
https://kaijo-fishing.com/fishing-facility/sanriku-sea-fishing-park,0,1,0,5,0%,20%,0,4.4
https://kaijo-fishing.com/blog/aji-saba-kamasu-strategy/,0,1,0,5,0%,20%,0,6.6
https://kaijo-fishing.com/blog/fishing-facility/east-japan,0,1,0,5,0%,20%,0,8
https://kaijo-fishing.com/fishing-facility/hasamaura-fishing-center,0,1,0,5,0%,20%,0,9.8
https://kaijo-fishing.com/blog/saltlake-hiketa-adoike,0,1,0,5,0%,20%,0,12.6
https://kaijo-fishing.com/2025/07/eastjapan/hokkaido/tomakomai-umiduri/,0,1,0,5,0%,20%,0,15
https://kaijo-fishing.com/blog/kanpachi/theory/,0,1,0,4,0%,25%,0,2.25
https://kaijo-fishing.com/column/trivia/history-of-fishing-pond,0,1,0,4,0%,25%,0,5.25
https://kaijo-fishing.com/blog/tana-basics,0,1,0,4,0%,25%,0,6.5
https://kaijo-fishing.com/fishing-facility/osaka-sea-fishing-southern,0,1,0,4,0%,25%,0,9.25
https://kaijo-fishing.com/tactics/fish-strategy/madai/gourmet,0,1,0,4,0%,25%,0,12.5
https://kaijo-fishing.com/fishing-facility/west-japan/wakayama/saikakizaki-seapark,0,1,0,4,0%,25%,0,15.5
https://kaijo-fishing.com/fishing-facility/west-japan/mie/matsunase-fishing-park,0,1,0,4,0%,25%,0,21.75
https://kaijo-fishing.com/blog/kue/intermediate/,0,1,0,3,0%,33.33%,0,6
https://kaijo-fishing.com/blog/kue/advanced,0,1,0,3,0%,33.33%,0,7.33
https://kaijo-fishing.com/2026/02/fishingtech/winter-bluefish-deadbait-dragging/,0,1,0,3,0%,33.33%,0,9.33
https://kaijo-fishing.com/fishing-facility/asamushi-sea-fishing-park,0,1,0,3,0%,33.33%,0,10
https://kaijo-fishing.com/blog/tactics/gear/myakuzuri-gear,0,1,0,3,0%,33.33%,0,21.33
https://kaijo-fishing.com/2026/01/fishingtech/winter-madai-strategy/,0,1,0,2,0%,50%,0,9
https://kaijo-fishing.com/blog/hiramasa/theory,0,1,0,2,0%,50%,0,9
https://kaijo-fishing.com/blog/fugu/advanced/,0,1,0,2,0%,50%,0,10.5
https://kaijo-fishing.com/2025/07/westjapan/kansai/tottopark-osaka/,0,0,0,355,0%,0%,0,11.92
https://kaijo-fishing.com/2025/07/westjapan/kyusyu/kamoiketuripark-kyusyu/,0,0,0,116,0%,0%,0,12.09
https://kaijo-fishing.com/2025/07/westjapan/kansai/hyogo-suihou/,0,0,0,84,0%,0%,0,22.61
https://kaijo-fishing.com/2025/07/westjapan/kansai/tottopark-osaka/#index_id0,0,0,0,83,0%,0%,0,8.12
https://kaijo-fishing.com/2025/07/westjapan/kansai/tottopark-osaka/#index_id7,0,0,0,80,0%,0%,0,8.05
https://kaijo-fishing.com/2025/07/westjapan/kansai/tottopark-osaka/#index_id3,0,0,0,77,0%,0%,0,8.19
https://kaijo-fishing.com/2025/07/westjapan/kansai/tottopark-osaka/#index_id11,0,0,0,74,0%,0%,0,8.12
https://kaijo-fishing.com/2025/07/westjapan/kansai/matomekiji-kansai/#index_id0,0,0,0,59,0%,0%,0,5.68
https://kaijo-fishing.com/2025/07/westjapan/kansai/matomekiji-kansai/#index_id9,0,0,0,58,0%,0%,0,5.59
https://kaijo-fishing.com/2025/07/westjapan/kyusyu/umiduripark-kyusyu/,0,0,0,58,0%,0%,0,25.29
https://kaijo-fishing.com/2025/07/westjapan/kansai/sumaduri-hyogo/,0,0,0,57,0%,0%,0,17.96
https://kaijo-fishing.com/2025/07/westjapan/kyusyu/kyusyu-matome/#index_id0,0,0,0,54,0%,0%,0,4.96
https://kaijo-fishing.com/2025/07/westjapan/kansai/matomekiji-kansai/#index_id4,0,0,0,54,0%,0%,0,5.7
https://kaijo-fishing.com/2025/07/westjapan/kansai/maidurupark-kyoto/#index_id0,0,0,0,54,0%,0%,0,9
https://kaijo-fishing.com/2025/07/westjapan/kansai/maidurupark-kyoto/#index_id3,0,0,0,54,0%,0%,0,9
https://kaijo-fishing.com/2025/07/chubu/chubu-tokai/kaijyowakou-mie/,0,0,0,54,0%,0%,0,11.91
https://kaijo-fishing.com/2025/07/westjapan/kansai/matomekiji-kansai/#index_id13,0,0,0,53,0%,0%,0,5.6
https://kaijo-fishing.com/2025/07/westjapan/kansai/matomekiji-kansai/#index_id17,0,0,0,53,0%,0%,0,5.6
https://kaijo-fishing.com/2025/07/westjapan/kansai/matomekiji-kansai/#index_id24,0,0,0,53,0%,0%,0,5.6
https://kaijo-fishing.com/2025/07/westjapan/kansai/matomekiji-kansai/#index_id5,0,0,0,53,0%,0%,0,5.6
https://kaijo-fishing.com/2025/07/westjapan/kansai/maidurupark-kyoto/#index_id11,0,0,0,53,0%,0%,0,8.96
https://kaijo-fishing.com/2025/07/westjapan/kansai/maidurupark-kyoto/#index_id7,0,0,0,53,0%,0%,0,8.96
https://kaijo-fishing.com/2025/07/westjapan/kyusyu/kyusyu-matome/#index_id7,0,0,0,52,0%,0%,0,4.85
https://kaijo-fishing.com/2025/07/westjapan/kyusyu/kyusyu-matome/#index_id3,0,0,0,52,0%,0%,0,4.92
https://kaijo-fishing.com/2025/07/westjapan/kansai/miyaduturi-kyoto/,0,0,0,52,0%,0%,0,20
https://kaijo-fishing.com/2025/07/westjapan/kyusyu/kyusyu-matome/#index_id11,0,0,0,50,0%,0%,0,4.8
https://kaijo-fishing.com/2025/07/westjapan/kyusyu/kyusyu-matome/#index_id15,0,0,0,50,0%,0%,0,4.8
https://kaijo-fishing.com/2025/07/westjapan/kyusyu/kyusyu-matome/#index_id22,0,0,0,50,0%,0%,0,4.8
https://kaijo-fishing.com/2025/07/westjapan/kyusyu/kyusyu-matome/#index_id4,0,0,0,50,0%,0%,0,4.8
https://kaijo-fishing.com/blog/notojima-sea-fishing-center/,0,0,0,49,0%,0%,0,9.71
https://kaijo-fishing.com/2025/07/eastjapan/tohoku/asamushi-tsuri/,0,0,0,43,0%,0%,0,12.37
https://kaijo-fishing.com/2025/07/westjapan/kyusyu/wakitaturisanbashi-kyusyu/#index_id0,0,0,0,42,0%,0%,0,8.05
https://kaijo-fishing.com/2025/07/westjapan/kyusyu/wakitaturisanbashi-kyusyu/#index_id7,0,0,0,42,0%,0%,0,8.05
https://kaijo-fishing.com/2025/07/westjapan/kyusyu/amakusakaijyoturi-kyusyu/,0,0,0,42,0%,0%,0,13.05
https://kaijo-fishing.com/fishing-facility/east-japan/chiba/original-maker-sea-fishing-park,0,0,0,41,0%,0%,0,14.61
https://kaijo-fishing.com/blog/shinojima-tsuri-tengoku,0,0,0,41,0%,0%,0,25.27
https://kaijo-fishing.com/blog/tactics/gear/harris-importance,0,0,0,39,0%,0%,0,17.79
https://kaijo-fishing.com/fishing-facility/kaijo-tsuribori-benya,0,0,0,38,0%,0%,0,17.03
https://kaijo-fishing.com/fishing-facility/center-japan/fukui/fishing-land-hyuga/,0,0,0,38,0%,0%,0,38.32
https://kaijo-fishing.com/2025/07/westjapan/kyusyu/wakitaturisanbashi-kyusyu/#index_id11,0,0,0,37,0%,0%,0,8.16
https://kaijo-fishing.com/2025/07/westjapan/kyusyu/wakitaturisanbashi-kyusyu/#index_id3,0,0,0,37,0%,0%,0,8.16
https://kaijo-fishing.com/2025/07/westjapan/kansai/yurapark-wakayama/,0,0,0,37,0%,0%,0,39.35
https://kaijo-fishing.com/blog/kaijo-tsuribori-yukimaru/,0,0,0,36,0%,0%,0,16.33
https://kaijo-fishing.com/fishing-facility/west-japan/hiroshima/kaijo-tsuribori-kaiyu/,0,0,0,36,0%,0%,0,25.75
https://kaijo-fishing.com/fishing-facility/center-japan/fukui/wakasa-takahama-sea-fishing-park/,0,0,0,36,0%,0%,0,29.53
https://kaijo-fishing.com/2025/07/westjapan/kansai/marinacityttu-wakayama/,0,0,0,35,0%,0%,0,23.77
https://kaijo-fishing.com/2025/07/westjapan/kyusyu/kariyawancenter-kyusyu/,0,0,0,35,0%,0%,0,24.74
https://kaijo-fishing.com/2025/07/chubu/chubu-tokai/turiborimaruyo-mie/,0,0,0,34,0%,0%,0,14.21
https://kaijo-fishing.com/2025/07/chubu/chubu-tokai/turiborimonkey-mie/,0,0,0,33,0%,0%,0,10.52
https://kaijo-fishing.com/blog/asamushi-sea-fishing-park,0,0,0,32,0%,0%,0,8.75
https://kaijo-fishing.com/2025/07/chubu/chubu-tokai/ousatsuturi-mie/#index_id0,0,0,0,31,0%,0%,0,6.06
https://kaijo-fishing.com/2025/07/westjapan/shikoku/searoad-yawatahama/,0,0,0,31,0%,0%,0,9.06
https://kaijo-fishing.com/2025/07/westjapan/kyusyu/kamoiketuripark-kyusyu/#index_id0,0,0,0,31,0%,0%,0,9.71
https://kaijo-fishing.com/2025/07/westjapan/kyusyu/kamoiketuripark-kyusyu/#index_id11,0,0,0,31,0%,0%,0,9.71
https://kaijo-fishing.com/2025/07/westjapan/kyusyu/kamoiketuripark-kyusyu/#index_id3,0,0,0,31,0%,0%,0,9.71
https://kaijo-fishing.com/2025/07/westjapan/kyusyu/kamoiketuripark-kyusyu/#index_id7,0,0,0,31,0%,0%,0,9.71
https://kaijo-fishing.com/2025/07/westjapan/kyusyu/amakusarejya-kyusyu/,0,0,0,30,0%,0%,0,39.63
https://kaijo-fishing.com/fishing-facility/west-japan/osaka/kaijo-tsuribori-misaki/,0,0,0,29,0%,0%,0,42.79
https://kaijo-fishing.com/2025/07/chubu/chubu-tokai/ousatsuturi-mie/#index_id3,0,0,0,28,0%,0%,0,6
https://kaijo-fishing.com/2025/07/westjapan/chugoku/shimonoseki-park/,0,0,0,28,0%,0%,0,10.25
https://kaijo-fishing.com/blog/kaijo-tsuribori-at-sea,0,0,0,28,0%,0%,0,14.14
https://kaijo-fishing.com/fishing-facility/center-japan/toyama/ishida-fisherina/,0,0,0,28,0%,0%,0,14.5
https://kaijo-fishing.com/fishing-facility/west-japan/hyogo/sea-fishing-pond-kaikei,0,0,0,28,0%,0%,0,22.07
https://kaijo-fishing.com/fishing-facility/west-japan/nagasaki/jumbo-fishing-mura/,0,0,0,28,0%,0%,0,28.86
https://kaijo-fishing.com/fishing-facility/west-japan/hyogo/suma-sea-fishing-park/,0,0,0,28,0%,0%,0,39.46
https://kaijo-fishing.com/2025/07/chubu/chubu-tokai/ousatsuturi-mie/#index_id7,0,0,0,27,0%,0%,0,6.19
https://kaijo-fishing.com/tactics/fish-strategy/ishidai/theory,0,0,0,27,0%,0%,0,7.37
https://kaijo-fishing.com/blog/ishida-fisherina,0,0,0,27,0%,0%,0,11.11
https://kaijo-fishing.com/2025/07/westjapan/kansai/kaijyo-misaki/,0,0,0,27,0%,0%,0,14.52
https://kaijo-fishing.com/blog/kobe-hiraiso-sea-fishing-park/,0,0,0,27,0%,0%,0,18.19
https://kaijo-fishing.com/fishing-facility/west-japan/hiroshima/kaijo-tsuribori-kaiyu,0,0,0,27,0%,0%,0,19.81
https://kaijo-fishing.com/blog/kawahagi/theory/,0,0,0,26,0%,0%,0,10.31
https://kaijo-fishing.com/fishing-facility/west-japan/kyoto,0,0,0,26,0%,0%,0,59.5
https://kaijo-fishing.com/blog/kaijo-tsuribori-yukimaru,0,0,0,25,0%,0%,0,9.4
https://kaijo-fishing.com/fishing-facility/west-japan/nagasaki/takashima-tobishima-isotsuri-park/,0,0,0,25,0%,0%,0,20.24
https://kaijo-fishing.com/tactics/fish-strategy/mejina/gourmet,0,0,0,25,0%,0%,0,32.08
https://kaijo-fishing.com/2025/07/chubu/chubu-tokai/ousatsuturi-mie/#index_id12,0,0,0,24,0%,0%,0,6.12
https://kaijo-fishing.com/2025/10/コラム/海上釣り堀の料金比較【関東・関西・九州】コス/#index_id4,0,0,0,23,0%,0%,0,5.83
https://kaijo-fishing.com/2025/10/コラム/海上釣り堀の料金比較【関東・関西・九州】コス/#index_id5,0,0,0,23,0%,0%,0,5.83
https://kaijo-fishing.com/2025/09/howto/fishingwear-osusume-kaijyo/#index_id4,0,0,0,23,0%,0%,0,7
https://kaijo-fishing.com/2025/09/howto/fishingwear-osusume-kaijyo/#index_id9,0,0,0,23,0%,0%,0,7
https://kaijo-fishing.com/fishing-facility/waita-sea-fishing-pier,0,0,0,23,0%,0%,0,8.13
https://kaijo-fishing.com/blog/suihou-fishing-pond,0,0,0,23,0%,0%,0,10.7
https://kaijo-fishing.com/2025/07/westjapan/kyusyu/sakurajimakankjou-kyusyu/,0,0,0,23,0%,0%,0,13.09
https://kaijo-fishing.com/blog/miyazu-city-marine-fishing-park,0,0,0,23,0%,0%,0,28.83
https://kaijo-fishing.com/2025/09/westjapan/chugoku/hirosima-kaijyo-matome-sitasyori/,0,0,0,23,0%,0%,0,39.13
https://kaijo-fishing.com/fishing-facility/anatani-aitai-fishing,0,0,0,22,0%,0%,0,7.82
https://kaijo-fishing.com/2025/07/westjapan/kyusyu/uminguoosima-kyusyu/,0,0,0,22,0%,0%,0,8.14
https://kaijo-fishing.com/2025/07/westjapan/chugoku/tairyoumaru-hiroshima/,0,0,0,22,0%,0%,0,27.14
https://kaijo-fishing.com/blog/shodoshima-furusatomura-fishing-pier,0,0,0,21,0%,0%,0,7.52
https://kaijo-fishing.com/blog/anatani-aitai-fishing,0,0,0,21,0%,0%,0,8.62
https://kaijo-fishing.com/blog/hiake-kaikyo-fishing-park/,0,0,0,21,0%,0%,0,9.38
https://kaijo-fishing.com/blog/access-tokai/,0,0,0,21,0%,0%,0,19.33
https://kaijo-fishing.com/fishing-facility/suma-sea-fishing-park,0,0,0,21,0%,0%,0,20.57
https://kaijo-fishing.com/fishing-facility/west-japan/mie/tsuribori-denpachiya,0,0,0,21,0%,0%,0,23.43
https://kaijo-fishing.com/2025/07/westjapan/shikoku/kaijyo-sachimaru/,0,0,0,21,0%,0%,0,25.14
https://kaijo-fishing.com/fishing-facility/west-japan/hyogo/kobe-hiraiso-sea-fishing-park,0,0,0,21,0%,0%,0,42.9
https://kaijo-fishing.com/2025/09/howto/fishingwear-osusume-kaijyo/#index_id0,0,0,0,20,0%,0%,0,7.05
https://kaijo-fishing.com/2025/09/howto/fishingwear-osusume-kaijyo/#index_id17,0,0,0,20,0%,0%,0,7.05
https://kaijo-fishing.com/2025/09/howto/fishingwear-osusume-kaijyo/#index_id21,0,0,0,20,0%,0%,0,7.05
https://kaijo-fishing.com/2025/07/chubu/chubu-hokuriku/hiruga-kaijoturi/#index_id0,0,0,0,20,0%,0%,0,9.45
https://kaijo-fishing.com/2025/07/chubu/chubu-hokuriku/hiruga-kaijoturi/#index_id3,0,0,0,20,0%,0%,0,9.45
https://kaijo-fishing.com/2025/07/chubu/chubu-hokuriku/hiruga-kaijoturi/#index_id4,0,0,0,20,0%,0%,0,9.45
https://kaijo-fishing.com/blog/isaki,0,0,0,20,0%,0%,0,10.1
https://kaijo-fishing.com/fishing-facility/west-japan/kyoto/maizuru-shinkai-park,0,0,0,20,0%,0%,0,12.3
https://kaijo-fishing.com/2025/12/コラム/winter-tsuribori-japan10/,0,0,0,20,0%,0%,0,16.2
https://kaijo-fishing.com/fishing-facility/west-japan/kochi/kochi/kaijo-tsuribori-yukimaru,0,0,0,20,0%,0%,0,20.15
https://kaijo-fishing.com/2025/07/westjapan/kansai/oska-oopa/,0,0,0,20,0%,0%,0,38.25
https://kaijo-fishing.com/blog/yura-sea-fishing-park,0,0,0,20,0%,0%,0,38.65
https://kaijo-fishing.com/fishing-facility/west-japan/fukuoka/umingu-oshima,0,0,0,20,0%,0%,0,64.1
https://kaijo-fishing.com/2025/10/コラム/海上釣り堀の料金比較【関東・関西・九州】コス/#index_id0,0,0,0,19,0%,0%,0,6
https://kaijo-fishing.com/2025/10/コラム/海上釣り堀の料金比較【関東・関西・九州】コス/#index_id1,0,0,0,19,0%,0%,0,6
https://kaijo-fishing.com/2025/10/コラム/海上釣り堀の料金比較【関東・関西・九州】コス/#index_id9,0,0,0,19,0%,0%,0,6
https://kaijo-fishing.com/tactics/fish-strategy/isaki/intermediate,0,0,0,19,0%,0%,0,8.26
https://kaijo-fishing.com/2025/07/chubu/chubu-hokuriku/hiruga-kaijoturi/#index_id5,0,0,0,19,0%,0%,0,9.47
https://kaijo-fishing.com/2025/07/chubu/chubu-hokuriku/hiruga-kaijoturi/#index_id6,0,0,0,19,0%,0%,0,9.47
https://kaijo-fishing.com/2025/07/chubu/chubu-hokuriku/hiruga-kaijoturi/#index_id7,0,0,0,19,0%,0%,0,9.47
https://kaijo-fishing.com/2025/07/chubu/chubu-hokuriku/hiruga-kaijoturi/#index_id8,0,0,0,19,0%,0%,0,9.47
https://kaijo-fishing.com/fishing-facility/west-japan/osaka/kaijo-tsuribori-opa/,0,0,0,19,0%,0%,0,11.63
https://kaijo-fishing.com/column/trivia/march-sakuradai-targeting-guide,0,0,0,19,0%,0%,0,21.37
https://kaijo-fishing.com/2025/07/westjapan/kyusyu/nitikaikyoturi-kyusyu/,0,0,0,18,0%,0%,0,8.61
https://kaijo-fishing.com/fishing-facility/west-japan/mie/anatani-aitai-fishing,0,0,0,18,0%,0%,0,8.83
https://kaijo-fishing.com/blog/sea-fishing-pond-kaikei/,0,0,0,18,0%,0%,0,16.39
https://kaijo-fishing.com/blog/mukai-pearl-marine,0,0,0,18,0%,0%,0,18.61
https://kaijo-fishing.com/blog/sea-fishing-pond-kaikei,0,0,0,18,0%,0%,0,36.06
https://kaijo-fishing.com/fishing-facility/wakayama-marinacity-fishing-park,0,0,0,18,0%,0%,0,48.83
https://kaijo-fishing.com/blog/hamanako-access-guide,0,0,0,17,0%,0%,0,7.47
https://kaijo-fishing.com/2025/09/westjapan/kansai/akasi-atsea/#index_id0,0,0,0,17,0%,0%,0,8.06
https://kaijo-fishing.com/2025/09/westjapan/kansai/akasi-atsea/#index_id1,0,0,0,17,0%,0%,0,8.06
https://kaijo-fishing.com/2025/09/westjapan/kansai/akasi-atsea/#index_id10,0,0,0,17,0%,0%,0,8.06
https://kaijo-fishing.com/2025/09/westjapan/kansai/akasi-atsea/#index_id13,0,0,0,17,0%,0%,0,8.06
https://kaijo-fishing.com/2025/09/westjapan/kansai/akasi-atsea/#index_id17,0,0,0,17,0%,0%,0,8.06
https://kaijo-fishing.com/2025/09/westjapan/kansai/akasi-atsea/#index_id6,0,0,0,17,0%,0%,0,8.06
https://kaijo-fishing.com/fishing-facility/hiake-kaikyo-fishing-park,0,0,0,17,0%,0%,0,10.12
https://kaijo-fishing.com/fishing-facility/west-japan/kumamoto/yunoko-fishing-park,0,0,0,17,0%,0%,0,19.65
https://kaijo-fishing.com/blog/shinkei-jime-benefits,0,0,0,17,0%,0%,0,22.06
https://kaijo-fishing.com/2025/09/chubu/chubu-tokai/aichisizu-syasyori/,0,0,0,17,0%,0%,0,25.82
https://kaijo-fishing.com/2025/07/chubu/chubu-hokuriku/akaguri-fukui/,0,0,0,17,0%,0%,0,26.71
https://kaijo-fishing.com/2025/07/chubu/chubu-tokai/shinojimaturi-aichi/,0,0,0,17,0%,0%,0,33.24
https://kaijo-fishing.com/blog/tactics/beginner/tide-basics,0,0,0,17,0%,0%,0,54.65
https://kaijo-fishing.com/2025/09/howto/season-fishselect/#index_id2,0,0,0,16,0%,0%,0,6.31
https://kaijo-fishing.com/2025/09/howto/season-fishselect/#index_id7,0,0,0,16,0%,0%,0,6.31
https://kaijo-fishing.com/2025/07/eastjapan/kanto/origi-umiduri/,0,0,0,16,0%,0%,0,9.94
https://kaijo-fishing.com/blog/wakasa-takahama-sea-fishing-park,0,0,0,16,0%,0%,0,10.81
https://kaijo-fishing.com/blog/notojima-sea-fishing-center,0,0,0,16,0%,0%,0,12.31
https://kaijo-fishing.com/fishing-facility/east-japan,0,0,0,16,0%,0%,0,26.12
https://kaijo-fishing.com/2025/09/howto/season-fishselect/#index_id0,0,0,0,15,0%,0%,0,6.4
https://kaijo-fishing.com/2025/09/howto/season-fishselect/#index_id10,0,0,0,15,0%,0%,0,6.4
https://kaijo-fishing.com/2025/09/westjapan/kansai/akasi-atsea/#index_id27,0,0,0,15,0%,0%,0,7.73
https://kaijo-fishing.com/2025/07/westjapan/kansai/yuasa-wakayama/,0,0,0,15,0%,0%,0,8.4
https://kaijo-fishing.com/fishing-facility/west-japan/wakayama/kaijo-tsuribori-yuasa/,0,0,0,15,0%,0%,0,23
https://kaijo-fishing.com/fishing-facility/center-japan/fukui/fishing-rainbow,0,0,0,15,0%,0%,0,34.93
https://kaijo-fishing.com/blog/fishing-rainbow,0,0,0,15,0%,0%,0,52.2
https://kaijo-fishing.com/fishing-facility/west-japan/nagasaki/shinkamigoto-sea-fishing-pond,0,0,0,14,0%,0%,0,8.5
https://kaijo-fishing.com/2025/10/howto/madai-fishing-tips-2025/,0,0,0,14,0%,0%,0,9.29
https://kaijo-fishing.com/2025/07/chubu/chubu-tokai/parktoi-shizuoka/,0,0,0,14,0%,0%,0,11.36
https://kaijo-fishing.com/fishing-facility/center-japan/shizuoka/fishing-park-toi,0,0,0,14,0%,0%,0,12.71
https://kaijo-fishing.com/blog/tactics/beginner/essential-knots,0,0,0,14,0%,0%,0,13.29
https://kaijo-fishing.com/fishing-facility/susawan-fishing-park,0,0,0,14,0%,0%,0,13.36
https://kaijo-fishing.com/2025/07/westjapan/kansai/kakata-turibori/,0,0,0,14,0%,0%,0,23.86
https://kaijo-fishing.com/fishing-facility/west-japan/tokushima/hamabe-tosen-kaijo-tsuribori/,0,0,0,14,0%,0%,0,26.86
https://kaijo-fishing.com/fishing-facility/atami-port-sea-fishing-facility,0,0,0,13,0%,0%,0,8.08
https://kaijo-fishing.com/blog/fishing-facility/center-japan/,0,0,0,13,0%,0%,0,8.62
https://kaijo-fishing.com/blog/tsuri-ikada-fukaura,0,0,0,13,0%,0%,0,8.69
https://kaijo-fishing.com/fishing-facility/matsunase-fishing-park,0,0,0,13,0%,0%,0,10.85
https://kaijo-fishing.com/blog/atami-port-sea-fishing-facility,0,0,0,13,0%,0%,0,15
https://kaijo-fishing.com/fishing-facility/yura-sea-fishing-park,0,0,0,13,0%,0%,0,26.62
https://kaijo-fishing.com/2025/09/fishingtech/shimaaji-bouzukaihi/,0,0,0,12,0%,0%,0,4.33
https://kaijo-fishing.com/blog/ousatsu-sea-fishing-center,0,0,0,12,0%,0%,0,6.08
https://kaijo-fishing.com/2025/09/westjapan/kansai/hyogo-kaijyo-matome-sitasyori/,0,0,0,12,0%,0%,0,7
https://kaijo-fishing.com/2025/11/コラム/japan11-seapond-techinformation/,0,0,0,12,0%,0%,0,8.67
https://kaijo-fishing.com/2025/12/howto/winter-tsuribori-esaactics/,0,0,0,12,0%,0%,0,8.75
https://kaijo-fishing.com/2025/07/westjapan/kyusyu/umiduriland-kyusyu/#index_id0,0,0,0,12,0%,0%,0,9
https://kaijo-fishing.com/2025/07/westjapan/kyusyu/umiduriland-kyusyu/#index_id12,0,0,0,12,0%,0%,0,9
https://kaijo-fishing.com/2025/07/westjapan/kyusyu/umiduriland-kyusyu/#index_id3,0,0,0,12,0%,0%,0,9
https://kaijo-fishing.com/2025/07/westjapan/kyusyu/umiduriland-kyusyu/#index_id8,0,0,0,12,0%,0%,0,9
https://kaijo-fishing.com/blog/kaijo-tsuribori-fukujumaru,0,0,0,12,0%,0%,0,9.75
https://kaijo-fishing.com/blog/shinmaiko-marine-park-fishing,0,0,0,12,0%,0%,0,11.42
https://kaijo-fishing.com/blog/tsuribori-shotokumaru,0,0,0,12,0%,0%,0,15.5
https://kaijo-fishing.com/blog/kaijo-tsuribori-maruya,0,0,0,12,0%,0%,0,16.17
https://kaijo-fishing.com/blog/suma-sea-fishing-park,0,0,0,12,0%,0%,0,30.08
https://kaijo-fishing.com/fishing-facility/west-japan/hyogo/awaji-janohire-fishing-park,0,0,0,12,0%,0%,0,33.33
https://kaijo-fishing.com/blog/history-of-fishing-pond,0,0,0,11,0%,0%,0,6
https://kaijo-fishing.com/blog/chinu/theory/,0,0,0,11,0%,0%,0,7.73
https://kaijo-fishing.com/blog/tsuribori-denpachiya,0,0,0,11,0%,0%,0,8.55
https://kaijo-fishing.com/blog/shimaji/theory,0,0,0,11,0%,0%,0,8.64
https://kaijo-fishing.com/2025/12/コラム/fishing-youtube-kamikaiselect/,0,0,0,11,0%,0%,0,8.82
https://kaijo-fishing.com/2025/07/chubu/chubu-hokuriku/seapark-niu/,0,0,0,11,0%,0%,0,10.18
https://kaijo-fishing.com/blog/why-madai-red,0,0,0,11,0%,0%,0,10.64
https://kaijo-fishing.com/blog/akaguri-sea-fishing-park/,0,0,0,11,0%,0%,0,13.18
https://kaijo-fishing.com/tactics/fish-strategy/madai/advanced,0,0,0,11,0%,0%,0,14
https://kaijo-fishing.com/2025/07/westjapan/kansai/kojima-yougyo/,0,0,0,11,0%,0%,0,14.18
https://kaijo-fishing.com/blog/fukuoka-city-sea-fishing-park,0,0,0,11,0%,0%,0,22.64
https://kaijo-fishing.com/blog/obama-city-fishing-coop-raft,0,0,0,11,0%,0%,0,23
https://kaijo-fishing.com/fishing-facility/west-japan/wakayama/tsuribori-kishu/,0,0,0,11,0%,0%,0,23
https://kaijo-fishing.com/2025/10/howto/beginner-guide-2025/,0,0,0,11,0%,0%,0,25.55
https://kaijo-fishing.com/blog/hiruga-sea-fishing-pond,0,0,0,11,0%,0%,0,58.91
https://kaijo-fishing.com/fishing-facility/center-japan/shizuoka,0,0,0,11,0%,0%,0,73.09
https://kaijo-fishing.com/blog/kaijo-tsuribori-monkey,0,0,0,10,0%,0%,0,4.7
https://kaijo-fishing.com/2025/07/westjapan/kyusyu/gotoukaijyoturi-kyusyu/,0,0,0,10,0%,0%,0,7.1
https://kaijo-fishing.com/blog/shinkamigoto-sea-fishing-pond,0,0,0,10,0%,0%,0,7.7
https://kaijo-fishing.com/blog/ishidai/strategy/,0,0,0,10,0%,0%,0,7.8
https://kaijo-fishing.com/tactics/fish-strategy/shimaji/intermediate,0,0,0,10,0%,0%,0,8.1
https://kaijo-fishing.com/fishing-facility/mukai-pearl-marine,0,0,0,10,0%,0%,0,8.6
https://kaijo-fishing.com/blog/marusui-kaisan,0,0,0,10,0%,0%,0,9.8
https://kaijo-fishing.com/tactics/fish-strategy/shimaji,0,0,0,10,0%,0%,0,10.4
https://kaijo-fishing.com/fishing-facility/west-japan/kumamoto/amakusa-rakutsuri,0,0,0,10,0%,0%,0,10.5
https://kaijo-fishing.com/blog/saikakizaki-seapark,0,0,0,10,0%,0%,0,10.6
https://kaijo-fishing.com/2025/07/westjapan/kansai/turibori-kaiei/#index_id0,0,0,0,10,0%,0%,0,11
https://kaijo-fishing.com/2025/07/westjapan/kansai/turibori-kaiei/#index_id10,0,0,0,10,0%,0%,0,11
https://kaijo-fishing.com/2025/07/westjapan/kansai/turibori-kaiei/#index_id3,0,0,0,10,0%,0%,0,11
https://kaijo-fishing.com/2025/07/westjapan/kansai/turibori-kaiei/#index_id6,0,0,0,10,0%,0%,0,11
https://kaijo-fishing.com/blog/isaki/gourmet,0,0,0,10,0%,0%,0,11.9
https://kaijo-fishing.com/blog/original-maker-sea-fishing-park,0,0,0,10,0%,0%,0,12
https://kaijo-fishing.com/fishing-facility/blue-park-ano,0,0,0,10,0%,0%,0,12.9
https://kaijo-fishing.com/blog/fishing-land-hyuga,0,0,0,10,0%,0%,0,13.7
https://kaijo-fishing.com/2025/07/chubu/chubu-hokuriku/naoetu-bouhatei/,0,0,0,10,0%,0%,0,18.6
https://kaijo-fishing.com/2025/07/westjapan/kansai/kaijyo-sazan/,0,0,0,10,0%,0%,0,25.7
https://kaijo-fishing.com/fishing-facility/west-japan/wakayama/tsuribori-kishu,0,0,0,10,0%,0%,0,50
https://kaijo-fishing.com/blog/akaguri-sea-fishing-park,0,0,0,10,0%,0%,0,50.4
https://kaijo-fishing.com/fishing-facility/fishing-land-hyuga,0,0,0,9,0%,0%,0,8.78
https://kaijo-fishing.com/blog/kanpachi-strategy,0,0,0,9,0%,0%,0,9
https://kaijo-fishing.com/2025/07/chubu/chubu-tokai/kaijyomaruya-shizuoka/,0,0,0,9,0%,0%,0,9.22
https://kaijo-fishing.com/2025/07/eastjapan/kanto/miura-kanagawa/,0,0,0,9,0%,0%,0,9.22
https://kaijo-fishing.com/fishing-facility/searoad-yawatahama,0,0,0,9,0%,0%,0,9.44
https://kaijo-fishing.com/fishing-facility/west-japan/nagasaki/tsuribori-hamakatsu/,0,0,0,9,0%,0%,0,9.44
https://kaijo-fishing.com/2025/07/westjapan/shikoku/furusato-sanbashi/#index_id0,0,0,0,9,0%,0%,0,9.67
https://kaijo-fishing.com/2025/07/westjapan/shikoku/furusato-sanbashi/#index_id11,0,0,0,9,0%,0%,0,9.67
https://kaijo-fishing.com/2025/07/westjapan/shikoku/furusato-sanbashi/#index_id4,0,0,0,9,0%,0%,0,9.67
https://kaijo-fishing.com/2025/07/chubu/chubu-tokai/kaijyowakou-mie/#index_id3,0,0,0,9,0%,0%,0,10.56
https://kaijo-fishing.com/2025/07/chubu/chubu-tokai/kaijyowakou-mie/#index_id8,0,0,0,9,0%,0%,0,10.56
https://kaijo-fishing.com/fishing-facility/east-japan/kanagawa/miura-kaiou/,0,0,0,9,0%,0%,0,11.44
https://kaijo-fishing.com/blog/fugu/gourmet,0,0,0,9,0%,0%,0,11.56
https://kaijo-fishing.com/blog/kagawa-shodoshima-trip,0,0,0,9,0%,0%,0,19.22
https://kaijo-fishing.com/blog/fishing-park-triton,0,0,0,9,0%,0%,0,21.22
https://kaijo-fishing.com/fishing-facility/kaijo-tsuribori-yuasa,0,0,0,9,0%,0%,0,26.67
https://kaijo-fishing.com/fishing-facility/east-japan/chiba,0,0,0,9,0%,0%,0,76.22
https://kaijo-fishing.com/2025/07/westjapan/kyusyu/yunojifispark-kyusyu/#index_id0,0,0,0,8,0%,0%,0,5.88
https://kaijo-fishing.com/2025/07/westjapan/kyusyu/yunojifispark-kyusyu/#index_id12,0,0,0,8,0%,0%,0,5.88
https://kaijo-fishing.com/2025/07/westjapan/kyusyu/yunojifispark-kyusyu/#index_id3,0,0,0,8,0%,0%,0,5.88
https://kaijo-fishing.com/2025/07/westjapan/kyusyu/yunojifispark-kyusyu/#index_id8,0,0,0,8,0%,0%,0,5.88
https://kaijo-fishing.com/blog/kaijo-tsuribori-benya/,0,0,0,8,0%,0%,0,6.75
https://kaijo-fishing.com/blog/stocking-time-strategy/,0,0,0,8,0%,0%,0,7.25
https://kaijo-fishing.com/2026/01/fishingtech/kue-fishing-guide/,0,0,0,8,0%,0%,0,8
https://kaijo-fishing.com/fishing-facility/tsuribori-hamakatsu,0,0,0,8,0%,0%,0,8.25
https://kaijo-fishing.com/2025/07/westjapan/chugoku/chugoku-matome/#index_id0,0,0,0,8,0%,0%,0,9.12
https://kaijo-fishing.com/2025/07/westjapan/chugoku/chugoku-matome/#index_id12,0,0,0,8,0%,0%,0,9.12
https://kaijo-fishing.com/2025/07/westjapan/chugoku/chugoku-matome/#index_id16,0,0,0,8,0%,0%,0,9.12
https://kaijo-fishing.com/2025/07/westjapan/chugoku/chugoku-matome/#index_id23,0,0,0,8,0%,0%,0,9.12
https://kaijo-fishing.com/2025/07/westjapan/chugoku/chugoku-matome/#index_id4,0,0,0,8,0%,0%,0,9.12
https://kaijo-fishing.com/2025/07/westjapan/chugoku/chugoku-matome/#index_id8,0,0,0,8,0%,0%,0,9.12
https://kaijo-fishing.com/2025/09/howto/海上釣り堀でマグロに挑戦！初心者向け完全ガイ/#index_id0,0,0,0,8,0%,0%,0,9.12
https://kaijo-fishing.com/2025/09/howto/海上釣り堀でマグロに挑戦！初心者向け完全ガイ/#index_id10,0,0,0,8,0%,0%,0,9.12
https://kaijo-fishing.com/2025/09/howto/海上釣り堀でマグロに挑戦！初心者向け完全ガイ/#index_id13,0,0,0,8,0%,0%,0,9.12
https://kaijo-fishing.com/2025/09/howto/海上釣り堀でマグロに挑戦！初心者向け完全ガイ/#index_id4,0,0,0,8,0%,0%,0,9.12
https://kaijo-fishing.com/2025/09/howto/海上釣り堀でマグロに挑戦！初心者向け完全ガイ/#index_id7,0,0,0,8,0%,0%,0,9.12
https://kaijo-fishing.com/2025/07/westjapan/shikoku/furusato-sanbashi/#index_id1,0,0,0,8,0%,0%,0,9.62
https://kaijo-fishing.com/2025/07/westjapan/shikoku/furusato-sanbashi/#index_id3,0,0,0,8,0%,0%,0,9.62
https://kaijo-fishing.com/blog/osaka-sea-fishing-southern/,0,0,0,8,0%,0%,0,10
https://kaijo-fishing.com/fishing-facility/kaijo-tsuribori-tsuriichi,0,0,0,8,0%,0%,0,10.25
https://kaijo-fishing.com/2025/07/chubu/chubu-tokai/kaijyowakou-mie/#index_id0,0,0,0,8,0%,0%,0,10.5
https://kaijo-fishing.com/2025/07/chubu/chubu-tokai/kaijyowakou-mie/#index_id13,0,0,0,8,0%,0%,0,10.5
https://kaijo-fishing.com/fishing-facility/oarai-sea-fishing-center,0,0,0,8,0%,0%,0,11.62
https://kaijo-fishing.com/blog/ugata-hamatsuri-center,0,0,0,8,0%,0%,0,14.25
https://kaijo-fishing.com/fishing-facility/west-japan/yamaguchi/fishing-park-hikari,0,0,0,8,0%,0%,0,19
https://kaijo-fishing.com/fishing-facility/west-japan/kagoshima/sakurajima-sea-fishing-park,0,0,0,8,0%,0%,0,19.5
https://kaijo-fishing.com/fishing-facility/center-japan/fukui/seapark-nyu/,0,0,0,8,0%,0%,0,21.5
https://kaijo-fishing.com/fishing-facility/kaijo-tsuribori-yukimaru,0,0,0,8,0%,0%,0,23.88
https://kaijo-fishing.com/blog/fishing-park-sasukeya,0,0,0,8,0%,0%,0,26.88
https://kaijo-fishing.com/fishing-facility/center-japan/aichi/bakucho-mihama-fishing-park,0,0,0,8,0%,0%,0,29.5
https://kaijo-fishing.com/fishing-facility/west-japan/hyogo/amagasaki-city-sea-fishing-park/,0,0,0,8,0%,0%,0,33.62
https://kaijo-fishing.com/fishing-facility/west-japan/kumamoto,0,0,0,8,0%,0%,0,34.88
https://kaijo-fishing.com/blog/tide-inside-pond/,0,0,0,7,0%,0%,0,4.43
https://kaijo-fishing.com/2025/07/westjapan/kansai/turibori-kisyu/#index_id0,0,0,0,7,0%,0%,0,4.71
https://kaijo-fishing.com/2025/07/westjapan/kansai/turibori-kisyu/#index_id10,0,0,0,7,0%,0%,0,4.71
https://kaijo-fishing.com/2025/07/westjapan/kansai/turibori-kisyu/#index_id3,0,0,0,7,0%,0%,0,4.71
https://kaijo-fishing.com/2025/07/westjapan/kansai/turibori-kisyu/#index_id6,0,0,0,7,0%,0%,0,4.71
https://kaijo-fishing.com/blog/suzuki/intermediate,0,0,0,7,0%,0%,0,4.86
https://kaijo-fishing.com/category/ri/3/,0,0,0,7,0%,0%,0,6.57
https://kaijo-fishing.com/blog/mejina/intermediate/,0,0,0,7,0%,0%,0,7.14
https://kaijo-fishing.com/blog/tactics/gear/small-goods-essentials,0,0,0,7,0%,0%,0,7.43
https://kaijo-fishing.com/fishing-facility/west-japan/mie/anatani-aitai-fishing/,0,0,0,7,0%,0%,0,7.57
https://kaijo-fishing.com/blog/kaijo-tsuribori-wako,0,0,0,7,0%,0%,0,7.71
https://kaijo-fishing.com/blog/why-expensive-fish,0,0,0,7,0%,0%,0,7.71
https://kaijo-fishing.com/fishing-facility/koshima-sea-fishing-pond,0,0,0,7,0%,0%,0,7.71
https://kaijo-fishing.com/blog/tactics/fish-strategy/chinu/advanced/,0,0,0,7,0%,0%,0,8.57
https://kaijo-fishing.com/fishing-facility/fishing-bridge-akasaki,0,0,0,7,0%,0%,0,9
https://kaijo-fishing.com/blog/chiba-minamiboso-access-guide,0,0,0,7,0%,0%,0,9.29
https://kaijo-fishing.com/2025/07/westjapan/shikoku/furusato-sanbashi/#index_id12,0,0,0,7,0%,0%,0,10.43
https://kaijo-fishing.com/blog/kaijo-tsuribori-taikoubou,0,0,0,7,0%,0%,0,10.86
https://kaijo-fishing.com/fishing-facility/kaijo-tsuribori-taikoubou,0,0,0,7,0%,0%,0,10.86
https://kaijo-fishing.com/fishing-facility/west-japan/fukuoka/waita-sea-fishing-pier/,0,0,0,7,0%,0%,0,11.71
https://kaijo-fishing.com/fishing-facility/totto-park-koshima,0,0,0,7,0%,0%,0,12.57
https://kaijo-fishing.com/2025/11/eastjapan/kitanihon-11-pondofacility-information/,0,0,0,7,0%,0%,0,13.43
https://kaijo-fishing.com/blog/kaijo-tsuribori-kaiyu,0,0,0,7,0%,0%,0,15.43
https://kaijo-fishing.com/blog/awaji-family-trip,0,0,0,7,0%,0%,0,17.43
https://kaijo-fishing.com/blog/isaki/gourmet/,0,0,0,7,0%,0%,0,23.43
https://kaijo-fishing.com/category/westjapan/shikoku/,0,0,0,7,0%,0%,0,23.71
https://kaijo-fishing.com/2025/07/chubu/chubu-tokai/syoutokumaru-mie/,0,0,0,7,0%,0%,0,24.71
https://kaijo-fishing.com/fishing-facility/miyazu-city-marine-fishing-park,0,0,0,7,0%,0%,0,26.57
https://kaijo-fishing.com/column/trivia/shinkei-jime-benefits,0,0,0,7,0%,0%,0,27.43
https://kaijo-fishing.com/2025/07/chubu/chubu-hokuriku/ishida-fisharean/,0,0,0,6,0%,0%,0,4.33
https://kaijo-fishing.com/category/gaido/,0,0,0,6,0%,0%,0,4.33
https://kaijo-fishing.com/2025/07/westjapan/kansai/yuasa-wakayama/#index_id3,0,0,0,6,0%,0%,0,6.17
https://kaijo-fishing.com/2025/07/westjapan/shikoku/naoshima-turikouen/#index_id0,0,0,0,6,0%,0%,0,6.5
https://kaijo-fishing.com/2025/07/westjapan/shikoku/naoshima-turikouen/#index_id1,0,0,0,6,0%,0%,0,6.5
https://kaijo-fishing.com/2025/07/westjapan/shikoku/naoshima-turikouen/#index_id10,0,0,0,6,0%,0%,0,6.5
https://kaijo-fishing.com/2025/07/westjapan/shikoku/naoshima-turikouen/#index_id2,0,0,0,6,0%,0%,0,6.5
https://kaijo-fishing.com/2025/07/westjapan/shikoku/naoshima-turikouen/#index_id3,0,0,0,6,0%,0%,0,6.5
https://kaijo-fishing.com/2025/07/westjapan/shikoku/naoshima-turikouen/#index_id4,0,0,0,6,0%,0%,0,6.5
https://kaijo-fishing.com/2025/07/westjapan/shikoku/naoshima-turikouen/#index_id9,0,0,0,6,0%,0%,0,6.5
https://kaijo-fishing.com/blog/madai/gourmet/,0,0,0,6,0%,0%,0,6.83
https://kaijo-fishing.com/blog/aji-saba-kamasu/intermediate,0,0,0,6,0%,0%,0,8.17
https://kaijo-fishing.com/blog/fishing-facility/center-japan,0,0,0,6,0%,0%,0,8.67
https://kaijo-fishing.com/tactics/fish-strategy/kanpachi/theory,0,0,0,6,0%,0%,0,9
https://kaijo-fishing.com/fishing-facility,0,0,0,6,0%,0%,0,9.17
https://kaijo-fishing.com/2025/07/westjapan/shikoku/furusato-sanbashi/#index_id2,0,0,0,6,0%,0%,0,9.33
https://kaijo-fishing.com/blog/koshima-sea-fishing-pond/,0,0,0,6,0%,0%,0,9.5
https://kaijo-fishing.com/column/travel/shirahama-onsen-trip,0,0,0,6,0%,0%,0,9.67
https://kaijo-fishing.com/2025/07/westjapan/kansai/sumaduri-hyogo/#index_id0,0,0,0,6,0%,0%,0,10.67
https://kaijo-fishing.com/2025/07/westjapan/kansai/sumaduri-hyogo/#index_id6,0,0,0,6,0%,0%,0,10.67
https://kaijo-fishing.com/fishing-facility/sea-fishing-pond-kaikei,0,0,0,6,0%,0%,0,11.17
https://kaijo-fishing.com/fishing-facility/west-japan/kochi/kochi/raft-fishing-takahashi/,0,0,0,6,0%,0%,0,12.67
https://kaijo-fishing.com/blog/fishing-park-toi,0,0,0,6,0%,0%,0,15
https://kaijo-fishing.com/blog/totto-park-koshima,0,0,0,6,0%,0%,0,16.33
https://kaijo-fishing.com/tactics/beginner/first-fishing-pond,0,0,0,6,0%,0%,0,16.5
https://kaijo-fishing.com/blog/sakurajima-sea-fishing-park,0,0,0,6,0%,0%,0,17.83
https://kaijo-fishing.com/fishing-facility/fishing-park-omishima,0,0,0,6,0%,0%,0,18.33
https://kaijo-fishing.com/blog/tactics/gear/,0,0,0,6,0%,0%,0,18.5
https://kaijo-fishing.com/fishing-facility/west-japan/okinawa/motobu-fishing-ikada-umiseikatsu/,0,0,0,6,0%,0%,0,26.33
https://kaijo-fishing.com/blog/suzuki-strategy,0,0,0,6,0%,0%,0,54.83
https://kaijo-fishing.com/tag/関西釣り堀/,0,0,0,6,0%,0%,0,67.5
https://kaijo-fishing.com/column/trivia/june-fresh-fish-quick-recipe-guide/,0,0,0,5,0%,0%,0,4
https://kaijo-fishing.com/blog/suzuki/advanced,0,0,0,5,0%,0%,0,4.2
https://kaijo-fishing.com/blog/isaki/intermediate,0,0,0,5,0%,0%,0,5.4
https://kaijo-fishing.com/2025/07/westjapan/kansai/yuasa-wakayama/#index_id0,0,0,0,5,0%,0%,0,6
https://kaijo-fishing.com/2025/07/westjapan/kansai/yuasa-wakayama/#index_id8,0,0,0,5,0%,0%,0,6.2
https://kaijo-fishing.com/fishing-facility/marusui-kaisan,0,0,0,5,0%,0%,0,8.2
https://kaijo-fishing.com/2025/07/westjapan/chugoku/chugoku-matome/#index_id5,0,0,0,5,0%,0%,0,8.6
https://kaijo-fishing.com/blog/shimaji/gourmet,0,0,0,5,0%,0%,0,8.6
https://kaijo-fishing.com/blog/suzuki/advanced/,0,0,0,5,0%,0%,0,9.6
https://kaijo-fishing.com/blog/fugu/theory,0,0,0,5,0%,0%,0,10.4
https://kaijo-fishing.com/2025/07/westjapan/kansai/sumaduri-hyogo/#index_id10,0,0,0,5,0%,0%,0,10.6
https://kaijo-fishing.com/2025/07/westjapan/kansai/sumaduri-hyogo/#index_id3,0,0,0,5,0%,0%,0,10.6
https://kaijo-fishing.com/blog/suzuki/gourmet/,0,0,0,5,0%,0%,0,11
https://kaijo-fishing.com/blog/raft-fishing-takahashi,0,0,0,5,0%,0%,0,11.2
https://kaijo-fishing.com/fishing-facility/west-japan/mie/ugata-hamatsuri-center,0,0,0,5,0%,0%,0,11.2
https://kaijo-fishing.com/2025/09/fishingtech/海上釣り堀での青物（ブリ・ヒラマサ）釣り完全/,0,0,0,5,0%,0%,0,14.8
https://kaijo-fishing.com/fishing-facility/west-japan/miyazaki/shibushi-bay-daikoku-dolphin-land,0,0,0,5,0%,0%,0,16.2
https://kaijo-fishing.com/blog/blue-park-ano/,0,0,0,5,0%,0%,0,20.4
https://kaijo-fishing.com/2026/01/howto/myakuzuri-guide/,0,0,0,5,0%,0%,0,23